DateTime,Average,Data1,Data2,Data3,Data4,Longitude,Latitude,T1,T2,T(avg),Date,Time
5/3/2024 21:50,59.75,70,65,50.0,54.0,33.9,-117.51,17,12,14.5,5/3/2024,21:50
5/3/2024 22:00,62.5,73,68,52.0,57.0,33.9,-117.51,17,12,14.5,5/3/2024,22:00
5/3/2024 22:10,61.25,72,69,48.0,56.0,33.9,-117.51,17,12,14.5,5/3/2024,22:10
5/3/2024 22:20,64.5,75,70,53.0,60.0,33.9,-117.51,17,12,14.5,5/3/2024,22:20
5/3/2024 22:30,62.5,71,67,53.0,59.0,33.9,-117.51,16,12,14.0,5/3/2024,22:30
5/3/2024 22:40,62.75,70,66,55.0,60.0,33.9,-117.51,16,12,14.0,5/3/2024,22:40
5/3/2024 22:50,64.5,73,67,55.0,63.0,33.9,-117.51,16,12,14.0,5/3/2024,22:50
5/3/2024 23:00,66.0,76,70,55.0,63.0,33.9,-117.51,16,12,14.0,5/3/2024,23:00
5/3/2024 23:10,67.0,78,72,57.0,61.0,33.9,-117.51,16,12,14.0,5/3/2024,23:10
5/3/2024 23:20,70.0,82,74,58.0,66.0,33.9,-117.51,15,12,13.5,5/3/2024,23:20
5/3/2024 23:30,70.25,83,77,58.0,63.0,33.9,-117.51,15,12,13.5,5/3/2024,23:30
5/3/2024 23:40,69.0,81,74,57.0,64.0,33.9,-117.51,15,12,13.5,5/3/2024,23:40
5/3/2024 23:50,69.75,81,74,58.0,66.0,33.9,-117.51,15,12,13.5,5/3/2024,23:50
5/4/2024 0:00,69.25,82,72,57.0,66.0,33.9,-117.51,15,12,13.5,5/4/2024,0:00
5/4/2024 0:10,70.0,81,73,60.0,66.0,33.9,-117.51,15,12,13.5,5/4/2024,0:10
5/4/2024 0:20,68.25,80,72,57.0,64.0,33.9,-117.51,15,12,13.5,5/4/2024,0:20
5/4/2024 0:30,70.25,81,73,61.0,66.0,33.9,-117.51,16,12,14.0,5/4/2024,0:30
5/4/2024 0:40,70.5,79,73,62.0,68.0,33.9,-117.51,16,12,14.0,5/4/2024,0:40
5/4/2024 0:50,72.75,82,76,63.0,70.0,33.9,-117.51,16,12,14.0,5/4/2024,0:50
5/4/2024 1:00,73.25,85,77,63.0,68.0,33.9,-117.51,16,12,14.0,5/4/2024,1:00
5/4/2024 1:10,75.5,88,82,62.0,70.0,33.9,-117.51,16,12,14.0,5/4/2024,1:10
5/4/2024 1:20,77.5,92,87,62.0,69.0,33.9,-117.51,16,12,14.0,5/4/2024,1:20
5/4/2024 1:30,77.25,94,88,59.0,68.0,33.9,-117.51,16,12,14.0,5/4/2024,1:30
5/4/2024 1:40,76.75,95,89,58.0,65.0,33.9,-117.51,16,13,14.5,5/4/2024,1:40
5/4/2024 1:50,79.75,97,92,62.0,68.0,33.9,-117.51,15,13,14.0,5/4/2024,1:50
5/4/2024 2:00,80.5,99,94,60.0,69.0,33.9,-117.51,16,13,14.5,5/4/2024,2:00
5/4/2024 2:10,80.0,98,92,61.0,69.0,33.9,-117.51,16,13,14.5,5/4/2024,2:10
5/4/2024 2:20,80.75,98,92,63.0,70.0,33.9,-117.51,16,13,14.5,5/4/2024,2:20
5/4/2024 2:30,80.5,97,92,63.0,70.0,33.9,-117.51,16,12,14.0,5/4/2024,2:30
5/4/2024 2:40,80.0,97,90,62.0,71.0,33.9,-117.51,16,13,14.5,5/4/2024,2:40
5/4/2024 2:50,80.25,98,92,62.0,69.0,33.9,-117.51,16,13,14.5,5/4/2024,2:50
5/4/2024 3:00,80.75,99,93,62.0,69.0,33.9,-117.51,16,13,14.5,5/4/2024,3:00
5/4/2024 3:10,82.75,102,94,64.0,71.0,33.9,-117.51,16,13,14.5,5/4/2024,3:10
5/4/2024 3:20,83.0,99,93,66.0,74.0,33.9,-117.51,16,13,14.5,5/4/2024,3:20
5/4/2024 3:30,83.25,99,93,66.0,75.0,33.9,-117.51,16,13,14.5,5/4/2024,3:30
5/4/2024 3:40,85.25,103,95,68.0,75.0,33.9,-117.51,16,12,14.0,5/4/2024,3:40
5/4/2024 3:50,86.5,104,96,69.0,77.0,33.9,-117.51,16,12,14.0,5/4/2024,3:50
5/4/2024 4:00,87.0,104,96,69.0,79.0,33.9,-117.51,16,12,14.0,5/4/2024,4:00
5/4/2024 4:10,85.5,104,95,67.0,76.0,33.9,-117.51,16,12,14.0,5/4/2024,4:10
5/4/2024 4:20,84.75,103,95,67.0,74.0,33.9,-117.51,16,12,14.0,5/4/2024,4:20
5/4/2024 4:30,77.75,88,81,66.0,76.0,33.9,-117.51,15,12,13.5,5/4/2024,4:30
5/4/2024 4:40,75.75,84,77,67.0,75.0,33.9,-117.51,15,12,13.5,5/4/2024,4:40
5/4/2024 4:50,72.25,84,77,62.0,66.0,33.9,-117.51,15,12,13.5,5/4/2024,4:50
5/4/2024 5:00,70.0,84,75,58.0,63.0,33.9,-117.51,15,12,13.5,5/4/2024,5:00
5/4/2024 5:10,69.75,86,77,55.0,61.0,33.9,-117.51,15,12,13.5,5/4/2024,5:10
5/4/2024 5:20,69.5,88,78,52.0,60.0,33.9,-117.51,15,12,13.5,5/4/2024,5:20
5/4/2024 5:30,71.0,88,81,55.0,60.0,33.9,-117.51,15,12,13.5,5/4/2024,5:30
5/4/2024 5:40,74.75,98,88,54.0,59.0,33.9,-117.51,15,12,13.5,5/4/2024,5:40
5/4/2024 5:50,76.5,102,94,52.0,58.0,33.9,-117.51,15,12,13.5,5/4/2024,5:50
5/4/2024 6:00,78.75,104,95,55.0,61.0,33.9,-117.51,14,12,13.0,5/4/2024,6:00
5/4/2024 6:10,81.75,104,95,60.0,68.0,33.9,-117.51,15,12,13.5,5/4/2024,6:10
5/4/2024 6:20,82.5,104,95,62.0,69.0,33.9,-117.51,15,12,13.5,5/4/2024,6:20
5/4/2024 6:30,82.75,105,96,61.0,69.0,33.9,-117.51,15,12,13.5,5/4/2024,6:30
5/4/2024 6:40,82.0,105,96,60.0,67.0,33.9,-117.51,15,12,13.5,5/4/2024,6:40
5/4/2024 6:50,82.5,103,95,62.0,70.0,33.9,-117.51,15,12,13.5,5/4/2024,6:50
5/4/2024 7:00,84.0,103,94,65.0,74.0,33.9,-117.51,15,12,13.5,5/4/2024,7:00
5/4/2024 7:10,92.0,102,94,81.0,91.0,33.9,-117.51,15,12,13.5,5/4/2024,7:10
5/4/2024 7:20,92.25,100,94,83.0,92.0,33.9,-117.51,15,12,13.5,5/4/2024,7:20
5/4/2024 7:30,92.25,102,95,82.0,90.0,33.9,-117.51,15,12,13.5,5/4/2024,7:30
5/4/2024 7:40,91.25,103,94,79.0,89.0,33.9,-117.51,15,12,13.5,5/4/2024,7:40
5/4/2024 7:50,92.5,104,95,80.0,91.0,33.9,-117.51,15,12,13.5,5/4/2024,7:50
5/4/2024 8:00,92.5,102,95,82.0,91.0,33.9,-117.51,16,12,14.0,5/4/2024,8:00
5/4/2024 8:10,91.0,99,92,82.0,91.0,33.9,-117.51,16,13,14.5,5/4/2024,8:10
5/4/2024 8:20,94.25,104,96,84.0,93.0,33.9,-117.51,16,13,14.5,5/4/2024,8:20
5/4/2024 8:30,92.25,103,96,80.0,90.0,33.9,-117.51,16,13,14.5,5/4/2024,8:30
5/4/2024 8:40,87.75,105,97,69.0,80.0,33.9,-117.51,16,13,14.5,5/4/2024,8:40
5/4/2024 8:50,86.75,105,97,68.0,77.0,33.9,-117.51,16,13,14.5,5/4/2024,8:50
5/4/2024 9:00,86.25,98,93,73.0,81.0,33.9,-117.51,16,13,14.5,5/4/2024,9:00
5/4/2024 9:10,87.0,95,90,75.0,88.0,33.9,-117.51,16,13,14.5,5/4/2024,9:10
5/4/2024 9:20,80.5,84,78,76.0,84.0,33.9,-117.51,16,13,14.5,5/4/2024,9:20
5/4/2024 9:30,79.0,81,74,77.0,84.0,33.9,-117.51,17,13,15.0,5/4/2024,9:30
5/4/2024 9:40,66.0,76,69,57.0,62.0,33.9,-117.51,16,14,15.0,5/4/2024,9:40
5/4/2024 9:50,66.75,77,72,56.0,62.0,33.9,-117.51,17,14,15.5,5/4/2024,9:50
5/4/2024 10:00,52.0,71,66,34.0,37.0,33.9,-117.51,17,14,15.5,5/4/2024,10:00
5/4/2024 10:10,51.75,73,67,30.0,37.0,33.9,-117.51,17,15,16.0,5/4/2024,10:10
5/4/2024 10:20,50.75,75,70,28.0,30.0,33.9,-117.51,17,16,16.5,5/4/2024,10:20
5/4/2024 10:30,50.75,78,71,25.0,29.0,33.9,-117.51,17,16,16.5,5/4/2024,10:30
5/4/2024 10:40,54.5,78,73,31.0,36.0,33.9,-117.51,18,15,16.5,5/4/2024,10:40
5/4/2024 10:50,48.5,71,65,26.0,32.0,33.9,-117.51,18,16,17.0,5/4/2024,10:50
5/4/2024 11:00,45.0,66,60,26.0,28.0,33.9,-117.51,18,16,17.0,5/4/2024,11:00
5/4/2024 11:10,43.5,65,60,23.0,26.0,33.9,-117.51,18,17,17.5,5/4/2024,11:10
5/4/2024 11:20,39.0,61,58,16.0,21.0,33.9,-117.51,19,17,18.0,5/4/2024,11:20
5/4/2024 11:30,35.75,57,53,15.0,18.0,33.9,-117.51,19,17,18.0,5/4/2024,11:30
5/4/2024 11:40,37.0,59,53,17.0,19.0,33.9,-117.51,19,17,18.0,5/4/2024,11:40
5/4/2024 11:50,36.0,55,48,20.0,21.0,33.9,-117.51,19,17,18.0,5/4/2024,11:50
5/4/2024 12:00,37.5,55,51,20.0,24.0,33.9,-117.51,19,17,18.0,5/4/2024,12:00
5/4/2024 12:10,32.0,42,39,22.0,25.0,33.9,-117.51,20,17,18.5,5/4/2024,12:10
5/4/2024 12:20,26.75,34,32,18.0,23.0,33.9,-117.51,20,17,18.5,5/4/2024,12:20
5/4/2024 12:30,28.5,38,34,20.0,22.0,33.9,-117.51,20,17,18.5,5/4/2024,12:30
5/4/2024 12:40,28.75,34,30,23.0,28.0,33.9,-117.51,20,16,18.0,5/4/2024,12:40
5/4/2024 12:50,26.5,25,23,28.0,30.0,33.9,-117.51,19,16,17.5,5/4/2024,12:50
5/4/2024 13:00,29.75,31,27,29.0,32.0,33.9,-117.51,19,15,17.0,5/4/2024,13:00
5/4/2024 13:10,32.75,35,31,29.0,36.0,33.9,-117.51,19,15,17.0,5/4/2024,13:10
5/4/2024 13:20,37.25,41,36,33.0,39.0,33.9,-117.51,19,15,17.0,5/4/2024,13:20
5/4/2024 13:30,42.75,48,46,35.0,42.0,33.9,-117.51,19,15,17.0,5/4/2024,13:30
5/4/2024 13:40,45.5,55,51,36.0,40.0,33.9,-117.51,18,15,16.5,5/4/2024,13:40
5/4/2024 13:50,47.0,56,53,37.0,42.0,33.9,-117.51,19,15,17.0,5/4/2024,13:50
5/4/2024 14:00,44.25,53,48,35.0,41.0,33.9,-117.51,18,16,17.0,5/4/2024,14:00
5/4/2024 14:10,43.75,53,48,35.0,39.0,33.9,-117.51,18,16,17.0,5/4/2024,14:10
5/4/2024 14:20,43.0,53,47,33.0,39.0,33.9,-117.51,18,16,17.0,5/4/2024,14:20
5/4/2024 14:30,43.75,53,49,33.0,40.0,33.9,-117.51,19,16,17.5,5/4/2024,14:30
5/4/2024 14:40,43.0,53,49,31.0,39.0,33.9,-117.51,19,16,17.5,5/4/2024,14:40
5/4/2024 14:50,43.5,56,53,31.0,34.0,33.9,-117.51,19,16,17.5,5/4/2024,14:50
5/4/2024 15:00,42.25,54,54,28.0,33.0,33.9,-117.51,19,15,17.0,5/4/2024,15:00
5/4/2024 15:10,40.25,54,49,27.0,31.0,33.9,-117.51,19,16,17.5,5/4/2024,15:10
5/4/2024 15:20,39.75,53,48,29.0,29.0,33.9,-117.51,19,16,17.5,5/4/2024,15:20
5/4/2024 15:30,36.25,47,42,26.0,30.0,33.9,-117.51,19,16,17.5,5/4/2024,15:30
5/4/2024 15:40,37.0,49,44,24.0,31.0,33.9,-117.51,19,16,17.5,5/4/2024,15:40
5/4/2024 15:50,36.0,45,43,26.0,30.0,33.9,-117.51,19,16,17.5,5/4/2024,15:50
5/4/2024 16:00,33.5,43,37,25.0,29.0,33.9,-117.51,19,15,17.0,5/4/2024,16:00
5/4/2024 16:10,32.5,38,36,27.0,29.0,33.9,-117.51,19,15,17.0,5/4/2024,16:10
5/4/2024 16:20,32.5,39,35,25.0,31.0,33.9,-117.51,19,15,17.0,5/4/2024,16:20
5/4/2024 16:30,33.0,37,36,28.0,31.0,33.9,-117.51,19,15,17.0,5/4/2024,16:30
5/4/2024 16:40,30.0,35,32,25.0,28.0,33.9,-117.51,19,15,17.0,5/4/2024,16:40
5/4/2024 16:50,28.75,33,29,25.0,28.0,33.9,-117.51,19,15,17.0,5/4/2024,16:50
5/4/2024 17:00,30.0,33,30,27.0,30.0,33.9,-117.51,19,15,17.0,5/4/2024,17:00
5/4/2024 17:10,29.75,33,30,25.0,31.0,33.9,-117.51,19,14,16.5,5/4/2024,17:10
5/4/2024 17:20,29.5,35,31,24.0,28.0,33.9,-117.51,19,14,16.5,5/4/2024,17:20
5/4/2024 17:30,30.25,36,32,24.0,29.0,33.9,-117.51,19,14,16.5,5/4/2024,17:30
5/4/2024 17:40,29.25,35,30,25.0,27.0,33.9,-117.51,19,14,16.5,5/4/2024,17:40
5/4/2024 17:50,30.5,36,34,24.0,28.0,33.9,-117.51,19,14,16.5,5/4/2024,17:50
5/4/2024 18:00,31.0,38,34,24.0,28.0,33.9,-117.51,19,14,16.5,5/4/2024,18:00
5/4/2024 18:10,31.5,39,34,24.0,29.0,33.9,-117.51,19,14,16.5,5/4/2024,18:10
5/4/2024 18:20,31.0,37,34,23.0,30.0,33.9,-117.51,18,14,16.0,5/4/2024,18:20
5/4/2024 18:30,31.0,39,34,23.0,28.0,33.9,-117.51,18,14,16.0,5/4/2024,18:30
5/4/2024 18:40,30.5,36,32,25.0,29.0,33.9,-117.51,18,13,15.5,5/4/2024,18:40
5/4/2024 18:50,31.75,37,36,25.0,29.0,33.9,-117.51,18,13,15.5,5/4/2024,18:50
5/4/2024 19:00,34.25,37,35,30.0,35.0,33.9,-117.51,17,13,15.0,5/4/2024,19:00
5/4/2024 19:10,36.0,39,36,31.0,38.0,33.9,-117.51,17,12,14.5,5/4/2024,19:10
5/4/2024 19:20,36.75,40,36,33.0,38.0,33.9,-117.51,17,12,14.5,5/4/2024,19:20
5/4/2024 19:30,39.75,46,41,33.0,39.0,33.9,-117.51,17,12,14.5,5/4/2024,19:30
5/4/2024 19:40,42.75,51,45,35.0,40.0,33.9,-117.51,16,12,14.0,5/4/2024,19:40
5/4/2024 19:50,44.75,53,47,36.0,43.0,33.9,-117.51,16,12,14.0,5/4/2024,19:50
5/4/2024 20:00,39.5,44,38,34.0,42.0,33.9,-117.51,16,12,14.0,5/4/2024,20:00
5/4/2024 20:10,41.25,43,42,36.0,44.0,33.9,-117.51,16,12,14.0,5/4/2024,20:10
5/4/2024 20:20,43.5,50,43,37.0,44.0,33.9,-117.51,15,12,13.5,5/4/2024,20:20
5/4/2024 20:30,44.5,50,48,37.0,43.0,33.9,-117.51,15,12,13.5,5/4/2024,20:30
5/4/2024 20:40,41.0,45,40,38.0,41.0,33.9,-117.51,15,11,13.0,5/4/2024,20:40
5/4/2024 20:50,41.25,46,40,37.0,42.0,33.9,-117.51,15,11,13.0,5/4/2024,20:50
5/4/2024 21:00,39.75,46,40,34.0,39.0,33.9,-117.51,15,11,13.0,5/4/2024,21:00
5/4/2024 21:10,38.25,44,40,32.0,37.0,33.9,-117.51,14,11,12.5,5/4/2024,21:10
5/4/2024 21:20,40.5,47,43,34.0,38.0,33.9,-117.51,14,11,12.5,5/4/2024,21:20
5/4/2024 21:30,37.25,42,38,32.0,37.0,33.9,-117.51,14,11,12.5,5/4/2024,21:30
5/4/2024 21:40,39.0,44,40,33.0,39.0,33.9,-117.51,14,11,12.5,5/4/2024,21:40
5/4/2024 21:50,39.75,43,39,36.0,41.0,33.9,-117.51,14,11,12.5,5/4/2024,21:50
5/4/2024 22:00,40.5,46,42,33.0,41.0,33.9,-117.51,14,11,12.5,5/4/2024,22:00
5/4/2024 22:10,42.25,49,42,36.0,42.0,33.9,-117.51,14,10,12.0,5/4/2024,22:10
5/4/2024 22:20,44.25,51,45,37.0,44.0,33.9,-117.51,14,10,12.0,5/4/2024,22:20
5/4/2024 22:30,37.25,44,38,31.0,36.0,33.9,-117.51,14,10,12.0,5/4/2024,22:30
5/4/2024 22:40,38.0,47,42,29.0,34.0,33.9,-117.51,14,10,12.0,5/4/2024,22:40
5/4/2024 22:50,35.75,42,37,30.0,34.0,33.9,-117.51,14,10,12.0,5/4/2024,22:50
5/4/2024 23:00,33.25,39,36,27.0,31.0,33.9,-117.51,13,10,11.5,5/4/2024,23:00
5/4/2024 23:10,30.5,35,30,26.0,31.0,33.9,-117.51,13,10,11.5,5/4/2024,23:10
5/4/2024 23:20,31.0,36,31,26.0,31.0,33.9,-117.51,13,10,11.5,5/4/2024,23:20
5/4/2024 23:30,31.5,38,33,25.0,30.0,33.9,-117.51,13,10,11.5,5/4/2024,23:30
5/4/2024 23:40,33.5,40,35,26.0,33.0,33.9,-117.51,13,10,11.5,5/4/2024,23:40
5/4/2024 23:50,36.5,38,32,36.0,40.0,33.9,-117.51,13,11,12.0,5/4/2024,23:50
5/5/2024 0:00,40.25,47,37,36.0,41.0,33.9,-117.51,13,10,11.5,5/5/2024,0:00
5/5/2024 0:10,36.5,41,33,34.0,38.0,33.9,-117.51,13,10,11.5,5/5/2024,0:10
5/5/2024 0:20,32.5,35,31,30.0,34.0,33.9,-117.51,13,11,12.0,5/5/2024,0:20
5/5/2024 0:30,29.75,35,30,25.0,29.0,33.9,-117.51,13,11,12.0,5/5/2024,0:30
5/5/2024 0:40,27.75,35,30,20.0,26.0,33.9,-117.51,13,11,12.0,5/5/2024,0:40
5/5/2024 0:50,26.75,35,30,20.0,22.0,33.9,-117.51,13,10,11.5,5/5/2024,0:50
5/5/2024 1:00,21.0,31,26,13.0,14.0,33.9,-117.51,13,11,12.0,5/5/2024,1:00
5/5/2024 1:10,18.25,28,24,9.0,12.0,33.9,-117.51,13,11,12.0,5/5/2024,1:10
5/5/2024 1:20,14.0,20,18,8.0,10.0,33.9,-117.51,13,10,11.5,5/5/2024,1:20
5/5/2024 1:30,13.0,17,14,11.0,10.0,33.9,-117.51,13,11,12.0,5/5/2024,1:30
5/5/2024 1:40,11.5,14,12,9.0,11.0,33.9,-117.51,13,10,11.5,5/5/2024,1:40
5/5/2024 1:50,10.25,14,11,7.0,9.0,33.9,-117.51,13,11,12.0,5/5/2024,1:50
5/5/2024 2:00,5.75,7,6,5.0,5.0,33.9,-117.51,13,10,11.5,5/5/2024,2:00
5/5/2024 2:10,4.0,5,3,4.0,4.0,33.9,-117.51,13,10,11.5,5/5/2024,2:10
5/5/2024 2:20,3.25,4,3,3.0,3.0,33.9,-117.51,13,10,11.5,5/5/2024,2:20
5/5/2024 2:30,3.25,5,3,2.0,3.0,33.9,-117.51,13,10,11.5,5/5/2024,2:30
5/5/2024 2:40,4.0,6,5,2.0,3.0,33.9,-117.51,13,10,11.5,5/5/2024,2:40
5/5/2024 2:50,2.75,5,4,1.0,1.0,33.9,-117.51,13,11,12.0,5/5/2024,2:50
5/5/2024 3:00,3.75,6,4,2.0,3.0,33.9,-117.51,13,11,12.0,5/5/2024,3:00
5/5/2024 3:10,4.25,6,6,2.0,3.0,33.9,-117.51,13,11,12.0,5/5/2024,3:10
5/5/2024 3:20,5.75,7,6,4.0,6.0,33.9,-117.51,12,11,11.5,5/5/2024,3:20
5/5/2024 3:30,7.25,11,8,4.0,6.0,33.9,-117.51,13,11,12.0,5/5/2024,3:30
5/5/2024 3:40,10.75,15,11,8.0,9.0,33.9,-117.51,13,11,12.0,5/5/2024,3:40
5/5/2024 3:50,14.0,16,14,11.0,15.0,33.9,-117.51,13,11,12.0,5/5/2024,3:50
5/5/2024 4:00,15.75,17,15,15.0,16.0,33.9,-117.51,13,11,12.0,5/5/2024,4:00
5/5/2024 4:10,16.75,18,16,15.0,18.0,33.9,-117.51,13,11,12.0,5/5/2024,4:10
5/5/2024 4:20,16.75,18,15,16.0,18.0,33.9,-117.51,13,11,12.0,5/5/2024,4:20
5/5/2024 4:30,17.0,18,16,15.0,19.0,33.9,-117.51,13,11,12.0,5/5/2024,4:30
5/5/2024 4:40,16.75,20,18,13.0,16.0,33.9,-117.51,13,11,12.0,5/5/2024,4:40
5/5/2024 4:50,14.25,21,18,8.0,10.0,33.9,-117.51,13,11,12.0,5/5/2024,4:50
5/5/2024 5:00,14.75,19,17,11.0,12.0,33.9,-117.51,13,11,12.0,5/5/2024,5:00
5/5/2024 5:10,14.75,21,18,9.0,11.0,33.9,-117.51,13,10,11.5,5/5/2024,5:10
5/5/2024 5:20,10.25,19,15,3.0,4.0,33.9,-117.51,13,9,11.0,5/5/2024,5:20
5/5/2024 5:30,7.25,15,14,0.0,0.0,33.9,-117.51,13,9,11.0,5/5/2024,5:30
5/5/2024 5:40,4.75,8,7,2.0,2.0,33.9,-117.51,12,8,10.0,5/5/2024,5:40
5/5/2024 5:50,1.75,1,1,2.0,3.0,33.9,-117.51,12,8,10.0,5/5/2024,5:50
5/5/2024 6:00,1.75,1,1,2.0,3.0,33.9,-117.51,12,8,10.0,5/5/2024,6:00
5/5/2024 6:10,2.0,3,2,1.0,2.0,33.9,-117.51,12,8,10.0,5/5/2024,6:10
5/5/2024 6:20,3.25,6,5,1.0,1.0,33.9,-117.51,12,8,10.0,5/5/2024,6:20
5/5/2024 6:30,4.25,8,5,2.0,2.0,33.9,-117.51,12,8,10.0,5/5/2024,6:30
5/5/2024 6:40,5.0,8,6,2.0,4.0,33.9,-117.51,12,8,10.0,5/5/2024,6:40
5/5/2024 6:50,8.75,12,10,6.0,7.0,33.9,-117.51,12,8,10.0,5/5/2024,6:50
5/5/2024 7:00,9.75,11,9,8.0,11.0,33.9,-117.51,12,8,10.0,5/5/2024,7:00
5/5/2024 7:10,10.0,11,10,8.0,11.0,33.9,-117.51,12,8,10.0,5/5/2024,7:10
5/5/2024 7:20,12.0,14,11,10.0,13.0,33.9,-117.51,12,9,10.5,5/5/2024,7:20
5/5/2024 7:30,11.25,13,11,9.0,12.0,33.9,-117.51,12,9,10.5,5/5/2024,7:30
5/5/2024 7:40,12.75,14,11,11.0,15.0,33.9,-117.51,12,9,10.5,5/5/2024,7:40
5/5/2024 7:50,13.75,16,13,12.0,14.0,33.9,-117.51,12,9,10.5,5/5/2024,7:50
5/5/2024 8:00,13.25,15,12,12.0,14.0,33.9,-117.51,12,9,10.5,5/5/2024,8:00
5/5/2024 8:10,11.0,13,11,10.0,10.0,33.9,-117.51,12,9,10.5,5/5/2024,8:10
5/5/2024 8:20,10.5,14,12,6.0,10.0,33.9,-117.51,12,9,10.5,5/5/2024,8:20
5/5/2024 8:30,9.25,14,11,5.0,7.0,33.9,-117.51,12,9,10.5,5/5/2024,8:30
5/5/2024 8:40,6.25,10,9,3.0,3.0,33.9,-117.51,12,10,11.0,5/5/2024,8:40
5/5/2024 8:50,5.75,9,9,3.0,2.0,33.9,-117.51,12,11,11.5,5/5/2024,8:50
5/5/2024 9:00,4.5,6,6,3.0,3.0,33.9,-117.51,13,12,12.5,5/5/2024,9:00
5/5/2024 9:10,3.75,5,5,2.0,3.0,33.9,-117.51,13,12,12.5,5/5/2024,9:10
5/5/2024 9:20,3.25,4,3,2.0,4.0,33.9,-117.51,13,13,13.0,5/5/2024,9:20
5/5/2024 9:30,4.0,5,5,2.0,4.0,33.9,-117.51,13,15,14.0,5/5/2024,9:30
5/5/2024 9:40,5.5,8,7,3.0,4.0,33.9,-117.51,13,15,14.0,5/5/2024,9:40
5/5/2024 9:50,4.25,5,5,4.0,3.0,33.9,-117.51,14,14,14.0,5/5/2024,9:50
5/5/2024 10:00,3.5,5,3,2.0,4.0,33.9,-117.51,14,14,14.0,5/5/2024,10:00
5/5/2024 10:10,3.5,5,4,2.0,3.0,33.9,-117.51,14,16,15.0,5/5/2024,10:10
5/5/2024 10:20,3.25,5,4,2.0,2.0,33.9,-117.51,14,15,14.5,5/5/2024,10:20
5/5/2024 10:30,3.5,5,5,2.0,2.0,33.9,-117.51,14,16,15.0,5/5/2024,10:30
5/5/2024 10:40,4.75,7,7,2.0,3.0,33.9,-117.51,15,17,16.0,5/5/2024,10:40
5/5/2024 10:50,4.25,6,6,2.0,3.0,33.9,-117.51,15,17,16.0,5/5/2024,10:50
5/5/2024 11:00,4.5,6,7,2.0,3.0,33.9,-117.51,15,17,16.0,5/5/2024,11:00
5/5/2024 11:10,3.5,4,4,3.0,3.0,33.9,-117.51,16,17,16.5,5/5/2024,11:10
5/5/2024 11:20,4.5,7,7,2.0,2.0,33.9,-117.51,16,17,16.5,5/5/2024,11:20
5/5/2024 11:30,3.5,5,4,2.0,3.0,33.9,-117.51,16,17,16.5,5/5/2024,11:30
5/5/2024 11:40,3.5,4,4,2.0,4.0,33.9,-117.51,16,18,17.0,5/5/2024,11:40
5/5/2024 11:50,4.0,5,4,3.0,4.0,33.9,-117.51,16,18,17.0,5/5/2024,11:50
5/5/2024 12:00,5.25,6,6,4.0,5.0,33.9,-117.51,17,18,17.5,5/5/2024,12:00
5/5/2024 12:10,5.5,7,6,5.0,4.0,33.9,-117.51,17,17,17.0,5/5/2024,12:10
5/5/2024 12:20,5.25,7,6,4.0,4.0,33.9,-117.51,17,17,17.0,5/5/2024,12:20
5/5/2024 12:30,5.5,7,6,4.0,5.0,33.9,-117.51,17,17,17.0,5/5/2024,12:30
5/5/2024 12:40,5.75,7,6,4.0,6.0,33.9,-117.51,17,18,17.5,5/5/2024,12:40
5/5/2024 12:50,5.0,6,6,3.0,5.0,33.9,-117.51,18,18,18.0,5/5/2024,12:50
5/5/2024 13:00,5.25,7,7,3.0,4.0,33.9,-117.51,18,18,18.0,5/5/2024,13:00
5/5/2024 13:10,6.5,9,8,4.0,5.0,33.9,-117.51,19,18,18.5,5/5/2024,13:10
5/5/2024 13:20,7.0,11,9,4.0,4.0,33.9,-117.51,19,18,18.5,5/5/2024,13:20
5/5/2024 13:30,7.25,11,9,3.0,6.0,33.9,-117.51,19,18,18.5,5/5/2024,13:30
5/5/2024 13:40,7.5,10,9,5.0,6.0,33.9,-117.51,20,18,19.0,5/5/2024,13:40
5/5/2024 13:50,6.75,10,8,5.0,4.0,33.9,-117.51,21,19,20.0,5/5/2024,13:50
5/5/2024 14:00,7.75,10,10,5.0,6.0,33.9,-117.51,21,18,19.5,5/5/2024,14:00
5/5/2024 14:10,7.25,10,9,5.0,5.0,33.9,-117.51,20,19,19.5,5/5/2024,14:10
5/5/2024 14:20,7.25,10,8,4.0,7.0,33.9,-117.51,20,19,19.5,5/5/2024,14:20
5/5/2024 14:30,7.0,9,9,4.0,6.0,33.9,-117.51,21,19,20.0,5/5/2024,14:30
5/5/2024 14:40,6.75,8,7,6.0,6.0,33.9,-117.51,21,19,20.0,5/5/2024,14:40
5/5/2024 14:50,8.0,11,9,6.0,6.0,33.9,-117.51,21,18,19.5,5/5/2024,14:50
5/5/2024 15:00,7.25,9,9,5.0,6.0,33.9,-117.51,21,18,19.5,5/5/2024,15:00
5/5/2024 15:10,6.5,8,7,5.0,6.0,33.9,-117.51,21,18,19.5,5/5/2024,15:10
5/5/2024 15:20,8.5,10,9,7.0,8.0,33.9,-117.51,22,18,20.0,5/5/2024,15:20
5/5/2024 15:30,9.25,13,10,6.0,8.0,33.9,-117.51,22,19,20.5,5/5/2024,15:30
5/5/2024 15:40,8.75,11,9,7.0,8.0,33.9,-117.51,22,19,20.5,5/5/2024,15:40
5/5/2024 15:50,9.25,11,10,7.0,9.0,33.9,-117.51,22,18,20.0,5/5/2024,15:50
5/5/2024 16:00,8.75,11,9,6.0,9.0,33.9,-117.51,22,18,20.0,5/5/2024,16:00
5/5/2024 16:10,8.75,11,9,8.0,7.0,33.9,-117.51,22,18,20.0,5/5/2024,16:10
5/5/2024 16:20,8.25,9,9,7.0,8.0,33.9,-117.51,22,17,19.5,5/5/2024,16:20
5/5/2024 16:30,9.5,13,12,6.0,7.0,33.9,-117.51,22,18,20.0,5/5/2024,16:30
5/5/2024 16:40,9.5,13,10,6.0,9.0,33.9,-117.51,22,17,19.5,5/5/2024,16:40
5/5/2024 16:50,9.5,11,10,7.0,10.0,33.9,-117.51,22,17,19.5,5/5/2024,16:50
5/5/2024 17:00,9.5,12,10,7.0,9.0,33.9,-117.51,22,16,19.0,5/5/2024,17:00
5/5/2024 17:10,10.5,13,12,8.0,9.0,33.9,-117.51,23,17,20.0,5/5/2024,17:10
5/5/2024 17:20,9.75,11,9,8.0,11.0,33.9,-117.51,23,17,20.0,5/5/2024,17:20
5/5/2024 17:30,11.25,14,12,9.0,10.0,33.9,-117.51,23,16,19.5,5/5/2024,17:30
5/5/2024 17:40,10.25,13,10,7.0,11.0,33.9,-117.51,22,16,19.0,5/5/2024,17:40
5/5/2024 17:50,10.75,13,13,7.0,10.0,33.9,-117.51,22,16,19.0,5/5/2024,17:50
5/5/2024 18:00,10.75,13,12,8.0,10.0,33.9,-117.51,22,15,18.5,5/5/2024,18:00
5/5/2024 18:10,10.75,12,10,9.0,12.0,33.9,-117.51,21,14,17.5,5/5/2024,18:10
5/5/2024 18:20,10.75,13,12,8.0,10.0,33.9,-117.51,21,14,17.5,5/5/2024,18:20
5/5/2024 18:30,10.25,13,11,8.0,9.0,33.9,-117.51,19,14,16.5,5/5/2024,18:30
5/5/2024 18:40,10.75,13,11,8.0,11.0,33.9,-117.51,19,14,16.5,5/5/2024,18:40
5/5/2024 18:50,10.5,12,11,8.0,11.0,33.9,-117.51,18,13,15.5,5/5/2024,18:50
5/5/2024 19:00,10.0,12,11,8.0,9.0,33.9,-117.51,18,13,15.5,5/5/2024,19:00
5/5/2024 19:10,10.75,15,12,7.0,9.0,33.9,-117.51,17,13,15.0,5/5/2024,19:10
5/5/2024 19:20,9.75,14,10,7.0,8.0,33.9,-117.51,17,13,15.0,5/5/2024,19:20
5/5/2024 19:30,10.75,16,11,7.0,9.0,33.9,-117.51,17,13,15.0,5/5/2024,19:30
5/5/2024 19:40,9.5,12,11,6.0,9.0,33.9,-117.51,17,13,15.0,5/5/2024,19:40
5/5/2024 19:50,10.0,13,11,8.0,8.0,33.9,-117.51,16,12,14.0,5/5/2024,19:50
5/5/2024 20:00,10.0,14,12,6.0,8.0,33.9,-117.51,16,12,14.0,5/5/2024,20:00
5/5/2024 20:10,11.25,15,15,7.0,8.0,33.9,-117.51,16,12,14.0,5/5/2024,20:10
5/5/2024 20:20,12.5,19,16,6.0,9.0,33.9,-117.51,16,13,14.5,5/5/2024,20:20
5/5/2024 20:30,14.75,23,21,6.0,9.0,33.9,-117.51,16,13,14.5,5/5/2024,20:30
5/5/2024 20:40,14.0,21,18,7.0,10.0,33.9,-117.51,15,13,14.0,5/5/2024,20:40
5/5/2024 20:50,14.0,21,18,7.0,10.0,33.9,-117.51,15,13,14.0,5/5/2024,20:50
5/5/2024 21:00,13.0,17,17,8.0,10.0,33.9,-117.51,14,13,13.5,5/5/2024,21:00
5/5/2024 21:10,12.0,15,15,8.0,10.0,33.9,-117.51,14,12,13.0,5/5/2024,21:10
5/5/2024 21:20,12.5,14,14,9.0,13.0,33.9,-117.51,14,12,13.0,5/5/2024,21:20
5/5/2024 21:30,19.25,22,20,15.0,20.0,33.9,-117.51,14,12,13.0,5/5/2024,21:30
5/5/2024 21:40,18.75,20,17,17.0,21.0,33.9,-117.51,14,12,13.0,5/5/2024,21:40
5/5/2024 21:50,18.25,20,16,17.0,20.0,33.9,-117.51,14,12,13.0,5/5/2024,21:50
5/5/2024 22:00,17.25,18,16,15.0,20.0,33.9,-117.51,13,12,12.5,5/5/2024,22:00
5/5/2024 22:10,15.75,15,14,15.0,19.0,33.9,-117.51,13,11,12.0,5/5/2024,22:10
5/5/2024 22:20,15.75,14,12,16.0,21.0,33.9,-117.51,13,11,12.0,5/5/2024,22:20
5/5/2024 22:30,15.75,14,12,16.0,21.0,33.9,-117.51,13,11,12.0,5/5/2024,22:30
5/5/2024 22:40,15.75,13,12,18.0,20.0,33.9,-117.51,13,11,12.0,5/5/2024,22:40
5/5/2024 22:50,16.25,14,13,17.0,21.0,33.9,-117.51,13,11,12.0,5/5/2024,22:50
5/5/2024 23:00,15.75,14,13,16.0,20.0,33.9,-117.51,13,11,12.0,5/5/2024,23:00
5/5/2024 23:10,14.75,13,12,16.0,18.0,33.9,-117.51,13,11,12.0,5/5/2024,23:10
5/5/2024 23:20,14.0,13,11,15.0,17.0,33.9,-117.51,13,11,12.0,5/5/2024,23:20
5/5/2024 23:30,13.5,12,10,14.0,18.0,33.9,-117.51,13,11,12.0,5/5/2024,23:30
5/5/2024 23:40,15.0,13,13,15.0,19.0,33.9,-117.51,12,10,11.0,5/5/2024,23:40
5/5/2024 23:50,15.0,13,12,15.0,20.0,33.9,-117.51,12,11,11.5,5/5/2024,23:50
5/6/2024 0:00,15.5,15,13,15.0,19.0,33.9,-117.51,12,10,11.0,5/6/2024,0:00
5/6/2024 0:10,14.75,15,13,14.0,17.0,33.9,-117.51,12,10,11.0,5/6/2024,0:10
5/6/2024 0:20,15.0,15,13,14.0,18.0,33.9,-117.51,12,10,11.0,5/6/2024,0:20
5/6/2024 0:30,14.75,15,13,14.0,17.0,33.9,-117.51,12,10,11.0,5/6/2024,0:30
5/6/2024 0:40,15.0,14,13,15.0,18.0,33.9,-117.51,12,10,11.0,5/6/2024,0:40
5/6/2024 0:50,15.5,15,14,15.0,18.0,33.9,-117.51,12,10,11.0,5/6/2024,0:50
5/6/2024 1:00,15.75,15,14,15.0,19.0,33.9,-117.51,12,10,11.0,5/6/2024,1:00
5/6/2024 1:10,15.75,16,12,15.0,20.0,33.9,-117.51,12,9,10.5,5/6/2024,1:10
5/6/2024 1:20,15.5,16,14,14.0,18.0,33.9,-117.51,11,9,10.0,5/6/2024,1:20
5/6/2024 1:30,16.25,16,13,16.0,20.0,33.9,-117.51,11,8,9.5,5/6/2024,1:30
5/6/2024 1:40,16.5,16,12,16.0,22.0,33.9,-117.51,11,9,10.0,5/6/2024,1:40
5/6/2024 1:50,17.25,18,14,17.0,20.0,33.9,-117.51,11,9,10.0,5/6/2024,1:50
5/6/2024 2:00,16.75,17,13,17.0,20.0,33.9,-117.51,11,9,10.0,5/6/2024,2:00
5/6/2024 2:10,17.75,17,17,16.0,21.0,33.9,-117.51,11,9,10.0,5/6/2024,2:10
5/6/2024 2:20,17.5,19,14,17.0,20.0,33.9,-117.51,11,9,10.0,5/6/2024,2:20
5/6/2024 2:30,17.0,16,15,17.0,20.0,33.9,-117.51,11,8,9.5,5/6/2024,2:30
5/6/2024 2:40,19.0,20,17,18.0,21.0,33.9,-117.51,11,8,9.5,5/6/2024,2:40
5/6/2024 2:50,19.75,22,19,17.0,21.0,33.9,-117.51,11,8,9.5,5/6/2024,2:50
5/6/2024 3:00,18.25,18,17,17.0,21.0,33.9,-117.51,11,8,9.5,5/6/2024,3:00
5/6/2024 3:10,19.0,22,18,16.0,20.0,33.9,-117.51,11,8,9.5,5/6/2024,3:10
5/6/2024 3:20,19.25,21,19,17.0,20.0,33.9,-117.51,11,8,9.5,5/6/2024,3:20
5/6/2024 3:30,19.0,23,18,17.0,18.0,33.9,-117.51,11,8,9.5,5/6/2024,3:30
5/6/2024 3:40,18.75,23,20,14.0,18.0,33.9,-117.51,10,8,9.0,5/6/2024,3:40
5/6/2024 3:50,18.75,24,20,14.0,17.0,33.9,-117.51,11,8,9.5,5/6/2024,3:50
5/6/2024 4:00,19.0,22,17,16.0,21.0,33.9,-117.51,10,8,9.0,5/6/2024,4:00
5/6/2024 4:10,18.25,21,18,16.0,18.0,33.9,-117.51,10,8,9.0,5/6/2024,4:10
5/6/2024 4:20,19.5,24,20,15.0,19.0,33.9,-117.51,10,8,9.0,5/6/2024,4:20
5/6/2024 4:30,19.5,25,20,15.0,18.0,33.9,-117.51,10,8,9.0,5/6/2024,4:30
5/6/2024 4:40,20.5,26,20,15.0,21.0,33.9,-117.51,10,8,9.0,5/6/2024,4:40
5/6/2024 4:50,21.75,28,21,17.0,21.0,33.9,-117.51,10,8,9.0,5/6/2024,4:50
5/6/2024 5:00,21.75,26,22,18.0,21.0,33.9,-117.51,9,7,8.0,5/6/2024,5:00
5/6/2024 5:10,21.0,27,22,14.0,21.0,33.9,-117.51,9,8,8.5,5/6/2024,5:10
5/6/2024 5:20,22.5,30,21,17.0,22.0,33.9,-117.51,9,7,8.0,5/6/2024,5:20
5/6/2024 5:30,23.5,29,23,19.0,23.0,33.9,-117.51,9,7,8.0,5/6/2024,5:30
5/6/2024 5:40,24.0,28,23,19.0,26.0,33.9,-117.51,9,7,8.0,5/6/2024,5:40
5/6/2024 5:50,25.25,28,21,24.0,28.0,33.9,-117.51,9,7,8.0,5/6/2024,5:50
5/6/2024 6:00,25.75,31,27,19.0,26.0,33.9,-117.51,9,7,8.0,5/6/2024,6:00
5/6/2024 6:10,25.0,31,24,21.0,24.0,33.9,-117.51,9,7,8.0,5/6/2024,6:10
5/6/2024 6:20,25.25,33,23,19.0,26.0,33.9,-117.51,9,7,8.0,5/6/2024,6:20
5/6/2024 6:30,28.5,39,31,19.0,25.0,33.9,-117.51,10,8,9.0,5/6/2024,6:30
5/6/2024 6:40,28.0,38,32,17.0,25.0,33.9,-117.51,9,8,8.5,5/6/2024,6:40
5/6/2024 6:50,28.75,38,33,19.0,25.0,33.9,-117.51,10,8,9.0,5/6/2024,6:50
5/6/2024 7:00,30.75,42,35,20.0,26.0,33.9,-117.51,10,8,9.0,5/6/2024,7:00
5/6/2024 7:10,32.25,43,38,24.0,24.0,33.9,-117.51,10,8,9.0,5/6/2024,7:10
5/6/2024 7:20,31.5,42,38,21.0,25.0,33.9,-117.51,10,8,9.0,5/6/2024,7:20
5/6/2024 7:30,32.0,40,35,24.0,29.0,33.9,-117.51,11,8,9.5,5/6/2024,7:30
5/6/2024 7:40,28.75,33,32,23.0,27.0,33.9,-117.51,11,9,10.0,5/6/2024,7:40
5/6/2024 7:50,31.0,37,32,24.0,31.0,33.9,-117.51,11,9,10.0,5/6/2024,7:50
5/6/2024 8:00,30.5,36,36,21.0,29.0,33.9,-117.51,11,9,10.0,5/6/2024,8:00
5/6/2024 8:10,29.75,37,34,23.0,25.0,33.9,-117.51,12,9,10.5,5/6/2024,8:10
5/6/2024 8:20,30.0,37,34,22.0,27.0,33.9,-117.51,12,10,11.0,5/6/2024,8:20
5/6/2024 8:30,32.0,38,34,25.0,31.0,33.9,-117.51,12,11,11.5,5/6/2024,8:30
5/6/2024 8:40,32.75,38,35,27.0,31.0,33.9,-117.51,12,12,12.0,5/6/2024,8:40
5/6/2024 8:50,31.5,39,31,25.0,31.0,33.9,-117.51,13,13,13.0,5/6/2024,8:50
5/6/2024 9:00,31.0,37,33,24.0,30.0,33.9,-117.51,13,14,13.5,5/6/2024,9:00
5/6/2024 9:10,28.75,34,33,21.0,27.0,33.9,-117.51,13,16,14.5,5/6/2024,9:10
5/6/2024 9:20,26.75,30,30,22.0,25.0,33.9,-117.51,13,17,15.0,5/6/2024,9:20
5/6/2024 9:30,24.75,29,26,19.0,25.0,33.9,-117.51,14,18,16.0,5/6/2024,9:30
5/6/2024 9:40,26.0,31,28,20.0,25.0,33.9,-117.51,14,18,16.0,5/6/2024,9:40
5/6/2024 9:50,25.5,30,26,20.0,26.0,33.9,-117.51,14,19,16.5,5/6/2024,9:50
5/6/2024 10:00,24.75,29,26,19.0,25.0,33.9,-117.51,15,20,17.5,5/6/2024,10:00
5/6/2024 10:10,27.0,32,30,21.0,25.0,33.9,-117.51,16,20,18.0,5/6/2024,10:10
5/6/2024 10:20,25.25,32,28,19.0,22.0,33.9,-117.51,16,21,18.5,5/6/2024,10:20
5/6/2024 10:30,24.75,32,32,16.0,19.0,33.9,-117.51,16,21,18.5,5/6/2024,10:30
5/6/2024 10:40,23.5,29,28,18.0,19.0,33.9,-117.51,17,22,19.5,5/6/2024,10:40
5/6/2024 10:50,23.25,31,28,15.0,19.0,33.9,-117.51,17,22,19.5,5/6/2024,10:50
5/6/2024 11:00,24.25,30,27,18.0,22.0,33.9,-117.51,17,22,19.5,5/6/2024,11:00
5/6/2024 11:10,25.25,30,27,20.0,24.0,33.9,-117.51,17,22,19.5,5/6/2024,11:10
5/6/2024 11:20,25.75,34,29,18.0,22.0,33.9,-117.51,18,22,20.0,5/6/2024,11:20
5/6/2024 11:30,25.5,32,29,18.0,23.0,33.9,-117.51,18,22,20.0,5/6/2024,11:30
5/6/2024 11:40,23.0,31,25,15.0,21.0,33.9,-117.51,19,23,21.0,5/6/2024,11:40
5/6/2024 11:50,21.75,28,24,14.0,21.0,33.9,-117.51,19,22,20.5,5/6/2024,11:50
5/6/2024 12:00,22.0,30,26,14.0,18.0,33.9,-117.51,19,22,20.5,5/6/2024,12:00
5/6/2024 12:10,22.25,32,28,13.0,16.0,33.9,-117.51,20,23,21.5,5/6/2024,12:10
5/6/2024 12:20,22.75,33,30,13.0,15.0,33.9,-117.51,21,24,22.5,5/6/2024,12:20
5/6/2024 12:30,22.5,32,29,13.0,16.0,33.9,-117.51,21,24,22.5,5/6/2024,12:30
5/6/2024 12:40,23.75,37,33,11.0,14.0,33.9,-117.51,22,24,23.0,5/6/2024,12:40
5/6/2024 12:50,28.25,45,41,12.0,15.0,33.9,-117.51,22,24,23.0,5/6/2024,12:50
5/6/2024 13:00,28.25,44,40,14.0,15.0,33.9,-117.51,23,25,24.0,5/6/2024,13:00
5/6/2024 13:10,28.5,44,42,13.0,15.0,33.9,-117.51,23,26,24.5,5/6/2024,13:10
5/6/2024 13:20,26.0,45,37,10.0,12.0,33.9,-117.51,23,25,24.0,5/6/2024,13:20
5/6/2024 13:30,27.0,46,38,11.0,13.0,33.9,-117.51,24,25,24.5,5/6/2024,13:30
5/6/2024 13:40,25.0,44,38,8.0,10.0,33.9,-117.51,24,25,24.5,5/6/2024,13:40
5/6/2024 13:50,25.0,43,38,8.0,11.0,33.9,-117.51,25,25,25.0,5/6/2024,13:50
5/6/2024 14:00,24.5,43,37,8.0,10.0,33.9,-117.51,25,24,24.5,5/6/2024,14:00
5/6/2024 14:10,23.5,40,36,9.0,9.0,33.9,-117.51,26,25,25.5,5/6/2024,14:10
5/6/2024 14:20,25.25,42,40,8.0,11.0,33.9,-117.51,26,24,25.0,5/6/2024,14:20
5/6/2024 14:30,23.5,39,35,10.0,10.0,33.9,-117.51,26,25,25.5,5/6/2024,14:30
5/6/2024 14:40,22.75,38,32,10.0,11.0,33.9,-117.51,26,25,25.5,5/6/2024,14:40
5/6/2024 14:50,20.25,31,29,10.0,11.0,33.9,-117.51,26,24,25.0,5/6/2024,14:50
5/6/2024 15:00,16.75,24,21,10.0,12.0,33.9,-117.51,27,24,25.5,5/6/2024,15:00
5/6/2024 15:10,14.75,21,19,9.0,10.0,33.9,-117.51,27,25,26.0,5/6/2024,15:10
5/6/2024 15:20,15.75,22,23,9.0,9.0,33.9,-117.51,27,25,26.0,5/6/2024,15:20
5/6/2024 15:30,17.5,25,24,9.0,12.0,33.9,-117.51,27,24,25.5,5/6/2024,15:30
5/6/2024 15:40,17.0,22,19,12.0,15.0,33.9,-117.51,27,23,25.0,5/6/2024,15:40
5/6/2024 15:50,17.25,20,18,14.0,17.0,33.9,-117.51,27,23,25.0,5/6/2024,15:50
5/6/2024 16:00,17.25,19,18,14.0,18.0,33.9,-117.51,27,23,25.0,5/6/2024,16:00
5/6/2024 16:10,18.25,19,20,15.0,19.0,33.9,-117.51,27,22,24.5,5/6/2024,16:10
5/6/2024 16:20,16.5,18,16,15.0,17.0,33.9,-117.51,27,21,24.0,5/6/2024,16:20
5/6/2024 16:30,17.0,19,17,14.0,18.0,33.9,-117.51,27,21,24.0,5/6/2024,16:30
5/6/2024 16:40,17.75,20,18,14.0,19.0,33.9,-117.51,27,21,24.0,5/6/2024,16:40
5/6/2024 16:50,18.75,22,20,15.0,18.0,33.9,-117.51,27,20,23.5,5/6/2024,16:50
5/6/2024 17:00,17.75,21,18,15.0,17.0,33.9,-117.51,27,20,23.5,5/6/2024,17:00
5/6/2024 17:10,17.25,20,19,13.0,17.0,33.9,-117.51,27,20,23.5,5/6/2024,17:10
5/6/2024 17:20,16.25,18,17,13.0,17.0,33.9,-117.51,27,19,23.0,5/6/2024,17:20
5/6/2024 17:30,14.25,17,15,11.0,14.0,33.9,-117.51,27,19,23.0,5/6/2024,17:30
5/6/2024 17:40,14.0,17,14,11.0,14.0,33.9,-117.51,26,19,22.5,5/6/2024,17:40
5/6/2024 17:50,14.75,19,17,10.0,13.0,33.9,-117.51,26,18,22.0,5/6/2024,17:50
5/6/2024 18:00,13.5,15,15,10.0,14.0,33.9,-117.51,25,18,21.5,5/6/2024,18:00
5/6/2024 18:10,13.0,16,15,9.0,12.0,33.9,-117.51,24,18,21.0,5/6/2024,18:10
5/6/2024 18:20,12.25,15,14,9.0,11.0,33.9,-117.51,24,18,21.0,5/6/2024,18:20
5/6/2024 18:30,12.75,16,14,9.0,12.0,33.9,-117.51,23,18,20.5,5/6/2024,18:30
5/6/2024 18:40,12.0,16,14,7.0,11.0,33.9,-117.51,22,17,19.5,5/6/2024,18:40
5/6/2024 18:50,12.5,13,14,11.0,12.0,33.9,-117.51,22,17,19.5,5/6/2024,18:50
5/6/2024 19:00,12.0,14,12,10.0,12.0,33.9,-117.51,21,17,19.0,5/6/2024,19:00
5/6/2024 19:10,11.5,13,12,8.0,13.0,33.9,-117.51,21,16,18.5,5/6/2024,19:10
5/6/2024 19:20,11.75,14,12,10.0,11.0,33.9,-117.51,21,16,18.5,5/6/2024,19:20
5/6/2024 19:30,11.0,12,12,9.0,11.0,33.9,-117.51,20,16,18.0,5/6/2024,19:30
5/6/2024 19:40,10.5,12,11,8.0,11.0,33.9,-117.51,19,16,17.5,5/6/2024,19:40
5/3/2024 21:50,92.0,44,140,,,33.92,-117.44,17,17,17.0,5/3/2024,21:50
5/3/2024 22:00,100.5,49,152,,,33.92,-117.44,17,17,17.0,5/3/2024,22:00
5/3/2024 22:10,85.0,51,119,,,33.92,-117.44,16,17,16.5,5/3/2024,22:10
5/3/2024 22:20,81.0,47,115,,,33.92,-117.44,16,17,16.5,5/3/2024,22:20
5/3/2024 22:30,90.5,45,136,,,33.92,-117.44,16,16,16.0,5/3/2024,22:30
5/3/2024 22:40,90.5,48,133,,,33.92,-117.44,16,16,16.0,5/3/2024,22:40
5/3/2024 22:50,84.0,46,122,,,33.92,-117.44,16,16,16.0,5/3/2024,22:50
5/3/2024 23:00,90.5,48,133,,,33.92,-117.44,16,16,16.0,5/3/2024,23:00
5/3/2024 23:10,91.0,50,132,,,33.92,-117.44,15,16,15.5,5/3/2024,23:10
5/3/2024 23:20,96.0,54,138,,,33.92,-117.44,15,15,15.0,5/3/2024,23:20
5/3/2024 23:30,96.0,53,139,,,33.92,-117.44,15,15,15.0,5/3/2024,23:30
5/3/2024 23:40,91.5,54,129,,,33.92,-117.44,15,15,15.0,5/3/2024,23:40
5/3/2024 23:50,94.5,56,133,,,33.92,-117.44,15,15,15.0,5/3/2024,23:50
5/4/2024 0:00,96.0,57,135,,,33.92,-117.44,15,15,15.0,5/4/2024,0:00
5/4/2024 0:10,92.5,59,126,,,33.92,-117.44,15,15,15.0,5/4/2024,0:10
5/4/2024 0:20,91.5,58,125,,,33.92,-117.44,15,15,15.0,5/4/2024,0:20
5/4/2024 0:30,92.0,58,126,,,33.92,-117.44,15,16,15.5,5/4/2024,0:30
5/4/2024 0:40,95.5,61,130,,,33.92,-117.44,15,16,15.5,5/4/2024,0:40
5/4/2024 0:50,94.0,61,127,,,33.92,-117.44,15,16,15.5,5/4/2024,0:50
5/4/2024 1:00,93.0,60,126,,,33.92,-117.44,15,16,15.5,5/4/2024,1:00
5/4/2024 1:10,95.0,61,129,,,33.92,-117.44,15,16,15.5,5/4/2024,1:10
5/4/2024 1:20,96.5,61,132,,,33.92,-117.44,15,16,15.5,5/4/2024,1:20
5/4/2024 1:30,98.5,61,136,,,33.92,-117.44,15,16,15.5,5/4/2024,1:30
5/4/2024 1:40,103.5,60,147,,,33.92,-117.44,15,16,15.5,5/4/2024,1:40
5/4/2024 1:50,101.0,62,140,,,33.92,-117.44,15,15,15.0,5/4/2024,1:50
5/4/2024 2:00,101.0,66,136,,,33.92,-117.44,15,16,15.5,5/4/2024,2:00
5/4/2024 2:10,101.0,65,137,,,33.92,-117.44,15,16,15.5,5/4/2024,2:10
5/4/2024 2:20,103.5,70,137,,,33.92,-117.44,15,16,15.5,5/4/2024,2:20
5/4/2024 2:30,105.5,75,136,,,33.92,-117.44,15,16,15.5,5/4/2024,2:30
5/4/2024 2:40,106.5,74,139,,,33.92,-117.44,15,16,15.5,5/4/2024,2:40
5/4/2024 2:50,104.5,70,139,,,33.92,-117.44,15,16,15.5,5/4/2024,2:50
5/4/2024 3:00,102.0,70,134,,,33.92,-117.44,15,16,15.5,5/4/2024,3:00
5/4/2024 3:10,102.0,66,138,,,33.92,-117.44,16,16,16.0,5/4/2024,3:10
5/4/2024 3:20,100.5,67,134,,,33.92,-117.44,15,16,15.5,5/4/2024,3:20
5/4/2024 3:30,100.5,66,135,,,33.92,-117.44,15,16,15.5,5/4/2024,3:30
5/4/2024 3:40,104.0,66,142,,,33.92,-117.44,15,16,15.5,5/4/2024,3:40
5/4/2024 3:50,98.5,61,136,,,33.92,-117.44,15,16,15.5,5/4/2024,3:50
5/4/2024 4:00,100.0,59,141,,,33.92,-117.44,15,16,15.5,5/4/2024,4:00
5/4/2024 4:10,107.0,59,155,,,33.92,-117.44,15,16,15.5,5/4/2024,4:10
5/4/2024 4:20,108.0,61,155,,,33.92,-117.44,15,16,15.5,5/4/2024,4:20
5/4/2024 4:30,105.5,64,147,,,33.92,-117.44,15,15,15.0,5/4/2024,4:30
5/4/2024 4:40,105.5,59,152,,,33.92,-117.44,14,15,14.5,5/4/2024,4:40
5/4/2024 4:50,98.5,56,141,,,33.92,-117.44,14,15,14.5,5/4/2024,4:50
5/4/2024 5:00,94.0,56,132,,,33.92,-117.44,14,15,14.5,5/4/2024,5:00
5/4/2024 5:10,100.5,59,142,,,33.92,-117.44,14,15,14.5,5/4/2024,5:10
5/4/2024 5:20,94.0,55,133,,,33.92,-117.44,14,15,14.5,5/4/2024,5:20
5/4/2024 5:30,92.5,53,132,,,33.92,-117.44,14,15,14.5,5/4/2024,5:30
5/4/2024 5:40,90.0,51,129,,,33.92,-117.44,14,15,14.5,5/4/2024,5:40
5/4/2024 5:50,91.5,52,131,,,33.92,-117.44,14,15,14.5,5/4/2024,5:50
5/4/2024 6:00,90.5,51,130,,,33.92,-117.44,14,14,14.0,5/4/2024,6:00
5/4/2024 6:10,90.0,51,129,,,33.92,-117.44,14,15,14.5,5/4/2024,6:10
5/4/2024 6:20,91.5,53,130,,,33.92,-117.44,14,15,14.5,5/4/2024,6:20
5/4/2024 6:30,94.0,51,137,,,33.92,-117.44,14,15,14.5,5/4/2024,6:30
5/4/2024 6:40,95.5,52,139,,,33.92,-117.44,14,15,14.5,5/4/2024,6:40
5/4/2024 6:50,100.0,56,144,,,33.92,-117.44,14,15,14.5,5/4/2024,6:50
5/4/2024 7:00,99.5,59,140,,,33.92,-117.44,14,15,14.5,5/4/2024,7:00
5/4/2024 7:10,100.5,61,140,,,33.92,-117.44,14,15,14.5,5/4/2024,7:10
5/4/2024 7:20,98.0,61,135,,,33.92,-117.44,15,15,15.0,5/4/2024,7:20
5/4/2024 7:30,100.0,64,136,,,33.92,-117.44,15,15,15.0,5/4/2024,7:30
5/4/2024 7:40,114.5,71,158,,,33.92,-117.44,15,15,15.0,5/4/2024,7:40
5/4/2024 7:50,115.0,71,159,,,33.92,-117.44,15,15,15.0,5/4/2024,7:50
5/4/2024 8:00,114.5,73,156,,,33.92,-117.44,15,16,15.5,5/4/2024,8:00
5/4/2024 8:10,114.0,79,149,,,33.92,-117.44,16,16,16.0,5/4/2024,8:10
5/4/2024 8:20,106.5,75,138,,,33.92,-117.44,16,16,16.0,5/4/2024,8:20
5/4/2024 8:30,104.5,73,136,,,33.92,-117.44,16,16,16.0,5/4/2024,8:30
5/4/2024 8:40,105.0,75,135,,,33.92,-117.44,16,16,16.0,5/4/2024,8:40
5/4/2024 8:50,110.5,81,140,,,33.92,-117.44,16,16,16.0,5/4/2024,8:50
5/4/2024 9:00,109.0,83,135,,,33.92,-117.44,16,16,16.0,5/4/2024,9:00
5/4/2024 9:10,103.0,79,127,,,33.92,-117.44,16,16,16.0,5/4/2024,9:10
5/4/2024 9:20,105.0,72,138,,,33.92,-117.44,17,16,16.5,5/4/2024,9:20
5/4/2024 9:30,101.0,63,139,,,33.92,-117.44,17,17,17.0,5/4/2024,9:30
5/4/2024 9:40,99.0,66,132,,,33.92,-117.44,17,16,16.5,5/4/2024,9:40
5/4/2024 9:50,94.5,57,132,,,33.92,-117.44,17,17,17.0,5/4/2024,9:50
5/4/2024 10:00,93.5,58,129,,,33.92,-117.44,17,17,17.0,5/4/2024,10:00
5/4/2024 10:10,92.0,63,121,,,33.92,-117.44,18,17,17.5,5/4/2024,10:10
5/4/2024 10:20,91.5,64,119,,,33.92,-117.44,18,17,17.5,5/4/2024,10:20
5/4/2024 10:30,91.0,65,117,,,33.92,-117.44,18,17,17.5,5/4/2024,10:30
5/4/2024 10:40,86.0,60,112,,,33.92,-117.44,19,18,18.5,5/4/2024,10:40
5/4/2024 10:50,84.5,56,113,,,33.92,-117.44,19,18,18.5,5/4/2024,10:50
5/4/2024 11:00,86.0,54,118,,,33.92,-117.44,19,18,18.5,5/4/2024,11:00
5/4/2024 11:10,81.5,50,113,,,33.92,-117.44,19,18,18.5,5/4/2024,11:10
5/4/2024 11:20,78.5,42,115,,,33.92,-117.44,19,19,19.0,5/4/2024,11:20
5/4/2024 11:30,74.5,42,107,,,33.92,-117.44,21,19,20.0,5/4/2024,11:30
5/4/2024 11:40,77.5,43,112,,,33.92,-117.44,21,19,20.0,5/4/2024,11:40
5/4/2024 11:50,74.0,32,116,,,33.92,-117.44,22,19,20.5,5/4/2024,11:50
5/4/2024 12:00,71.0,30,112,,,33.92,-117.44,22,19,20.5,5/4/2024,12:00
5/4/2024 12:10,73.5,31,116,,,33.92,-117.44,22,20,21.0,5/4/2024,12:10
5/4/2024 12:20,69.0,22,116,,,33.92,-117.44,22,20,21.0,5/4/2024,12:20
5/4/2024 12:30,68.5,22,115,,,33.92,-117.44,22,20,21.0,5/4/2024,12:30
5/4/2024 12:40,63.5,18,109,,,33.92,-117.44,22,20,21.0,5/4/2024,12:40
5/4/2024 12:50,64.0,19,109,,,33.92,-117.44,22,19,20.5,5/4/2024,12:50
5/4/2024 13:00,66.5,18,115,,,33.92,-117.44,21,19,20.0,5/4/2024,13:00
5/4/2024 13:10,68.0,24,112,,,33.92,-117.44,21,19,20.0,5/4/2024,13:10
5/4/2024 13:20,65.0,22,108,,,33.92,-117.44,20,19,19.5,5/4/2024,13:20
5/4/2024 13:30,67.0,24,110,,,33.92,-117.44,20,19,19.5,5/4/2024,13:30
5/4/2024 13:40,71.5,28,115,,,33.92,-117.44,21,18,19.5,5/4/2024,13:40
5/4/2024 13:50,71.0,29,113,,,33.92,-117.44,21,19,20.0,5/4/2024,13:50
5/4/2024 14:00,72.5,31,114,,,33.92,-117.44,21,18,19.5,5/4/2024,14:00
5/4/2024 14:10,75.5,33,118,,,33.92,-117.44,21,18,19.5,5/4/2024,14:10
5/4/2024 14:20,79.5,35,124,,,33.92,-117.44,21,18,19.5,5/4/2024,14:20
5/4/2024 14:30,78.0,34,122,,,33.92,-117.44,21,19,20.0,5/4/2024,14:30
5/4/2024 14:40,80.0,33,127,,,33.92,-117.44,20,19,19.5,5/4/2024,14:40
5/4/2024 14:50,81.5,34,129,,,33.92,-117.44,20,19,19.5,5/4/2024,14:50
5/4/2024 15:00,80.5,32,129,,,33.92,-117.44,20,19,19.5,5/4/2024,15:00
5/4/2024 15:10,78.5,30,127,,,33.92,-117.44,20,19,19.5,5/4/2024,15:10
5/4/2024 15:20,80.5,33,128,,,33.92,-117.44,20,19,19.5,5/4/2024,15:20
5/4/2024 15:30,76.5,30,123,,,33.92,-117.44,20,19,19.5,5/4/2024,15:30
5/4/2024 15:40,72.0,30,114,,,33.92,-117.44,20,19,19.5,5/4/2024,15:40
5/4/2024 15:50,70.5,29,112,,,33.92,-117.44,20,19,19.5,5/4/2024,15:50
5/4/2024 16:00,67.5,26,109,,,33.92,-117.44,21,19,20.0,5/4/2024,16:00
5/4/2024 16:10,70.5,25,116,,,33.92,-117.44,20,19,19.5,5/4/2024,16:10
5/4/2024 16:20,72.0,27,117,,,33.92,-117.44,20,19,19.5,5/4/2024,16:20
5/4/2024 16:30,70.5,26,115,,,33.92,-117.44,20,19,19.5,5/4/2024,16:30
5/4/2024 16:40,71.5,24,119,,,33.92,-117.44,20,19,19.5,5/4/2024,16:40
5/4/2024 16:50,72.5,26,119,,,33.92,-117.44,20,19,19.5,5/4/2024,16:50
5/4/2024 17:00,69.5,25,114,,,33.92,-117.44,21,19,20.0,5/4/2024,17:00
5/4/2024 17:10,73.0,24,122,,,33.92,-117.44,20,19,19.5,5/4/2024,17:10
5/4/2024 17:20,70.5,24,117,,,33.92,-117.44,20,19,19.5,5/4/2024,17:20
5/4/2024 17:30,72.5,25,120,,,33.92,-117.44,20,19,19.5,5/4/2024,17:30
5/4/2024 17:40,75.5,24,127,,,33.92,-117.44,20,19,19.5,5/4/2024,17:40
5/4/2024 17:50,71.0,23,119,,,33.92,-117.44,19,19,19.0,5/4/2024,17:50
5/4/2024 18:00,71.5,22,121,,,33.92,-117.44,19,19,19.0,5/4/2024,18:00
5/4/2024 18:10,71.5,21,122,,,33.92,-117.44,19,19,19.0,5/4/2024,18:10
5/4/2024 18:20,71.5,24,119,,,33.92,-117.44,18,18,18.0,5/4/2024,18:20
5/4/2024 18:30,72.0,21,123,,,33.92,-117.44,18,18,18.0,5/4/2024,18:30
5/4/2024 18:40,68.0,22,114,,,33.92,-117.44,18,18,18.0,5/4/2024,18:40
5/4/2024 18:50,68.0,26,110,,,33.92,-117.44,18,18,18.0,5/4/2024,18:50
5/4/2024 19:00,75.0,25,125,,,33.92,-117.44,18,17,17.5,5/4/2024,19:00
5/4/2024 19:10,73.0,24,122,,,33.92,-117.44,17,17,17.0,5/4/2024,19:10
5/4/2024 19:20,82.0,25,139,,,33.92,-117.44,17,17,17.0,5/4/2024,19:20
5/4/2024 19:30,81.5,26,137,,,33.92,-117.44,17,17,17.0,5/4/2024,19:30
5/4/2024 19:40,86.0,29,143,,,33.92,-117.44,16,16,16.0,5/4/2024,19:40
5/4/2024 19:50,93.0,29,157,,,33.92,-117.44,16,16,16.0,5/4/2024,19:50
5/4/2024 20:00,95.0,33,157,,,33.92,-117.44,16,16,16.0,5/4/2024,20:00
5/4/2024 20:10,93.5,35,152,,,33.92,-117.44,16,16,16.0,5/4/2024,20:10
5/4/2024 20:20,81.5,35,128,,,33.92,-117.44,16,15,15.5,5/4/2024,20:20
5/4/2024 20:30,82.0,35,129,,,33.92,-117.44,15,15,15.0,5/4/2024,20:30
5/4/2024 20:40,88.0,38,138,,,33.92,-117.44,14,15,14.5,5/4/2024,20:40
5/4/2024 20:50,87.5,34,141,,,33.92,-117.44,14,15,14.5,5/4/2024,20:50
5/4/2024 21:00,84.5,31,138,,,33.92,-117.44,14,15,14.5,5/4/2024,21:00
5/4/2024 21:10,88.0,31,145,,,33.92,-117.44,14,14,14.0,5/4/2024,21:10
5/4/2024 21:20,84.0,30,138,,,33.92,-117.44,14,14,14.0,5/4/2024,21:20
5/4/2024 21:30,81.0,32,130,,,33.92,-117.44,14,14,14.0,5/4/2024,21:30
5/4/2024 21:40,80.0,29,131,,,33.92,-117.44,14,14,14.0,5/4/2024,21:40
5/4/2024 21:50,81.5,27,136,,,33.92,-117.44,14,14,14.0,5/4/2024,21:50
5/4/2024 22:00,83.0,27,139,,,33.92,-117.44,14,14,14.0,5/4/2024,22:00
5/4/2024 22:10,80.5,29,132,,,33.92,-117.44,14,14,14.0,5/4/2024,22:10
5/4/2024 22:20,81.0,31,131,,,33.92,-117.44,14,14,14.0,5/4/2024,22:20
5/4/2024 22:30,81.0,29,133,,,33.92,-117.44,14,14,14.0,5/4/2024,22:30
5/4/2024 22:40,87.0,32,142,,,33.92,-117.44,14,14,14.0,5/4/2024,22:40
5/4/2024 22:50,86.5,33,140,,,33.92,-117.44,14,14,14.0,5/4/2024,22:50
5/4/2024 23:00,82.5,31,134,,,33.92,-117.44,14,13,13.5,5/4/2024,23:00
5/4/2024 23:10,83.5,28,139,,,33.92,-117.44,14,13,13.5,5/4/2024,23:10
5/4/2024 23:20,79.5,26,133,,,33.92,-117.44,14,13,13.5,5/4/2024,23:20
5/4/2024 23:30,84.5,27,142,,,33.92,-117.44,14,13,13.5,5/4/2024,23:30
5/4/2024 23:40,81.5,22,141,,,33.92,-117.44,14,13,13.5,5/4/2024,23:40
5/4/2024 23:50,85.0,22,148,,,33.92,-117.44,14,13,13.5,5/4/2024,23:50
5/5/2024 0:00,75.5,23,128,,,33.92,-117.44,14,13,13.5,5/5/2024,0:00
5/5/2024 0:10,79.0,29,129,,,33.92,-117.44,14,13,13.5,5/5/2024,0:10
5/5/2024 0:20,81.5,30,133,,,33.92,-117.44,14,13,13.5,5/5/2024,0:20
5/5/2024 0:30,79.0,28,130,,,33.92,-117.44,14,13,13.5,5/5/2024,0:30
5/5/2024 0:40,85.0,28,142,,,33.92,-117.44,14,13,13.5,5/5/2024,0:40
5/5/2024 0:50,81.5,29,134,,,33.92,-117.44,14,13,13.5,5/5/2024,0:50
5/5/2024 1:00,80.0,26,134,,,33.92,-117.44,13,13,13.0,5/5/2024,1:00
5/5/2024 1:10,72.5,20,125,,,33.92,-117.44,13,13,13.0,5/5/2024,1:10
5/5/2024 1:20,72.5,16,129,,,33.92,-117.44,13,13,13.0,5/5/2024,1:20
5/5/2024 1:30,73.0,11,135,,,33.92,-117.44,13,13,13.0,5/5/2024,1:30
5/5/2024 1:40,77.5,11,144,,,33.92,-117.44,13,13,13.0,5/5/2024,1:40
5/5/2024 1:50,72.0,10,134,,,33.92,-117.44,13,13,13.0,5/5/2024,1:50
5/5/2024 2:00,73.0,11,135,,,33.92,-117.44,13,13,13.0,5/5/2024,2:00
5/5/2024 2:10,73.5,13,134,,,33.92,-117.44,13,13,13.0,5/5/2024,2:10
5/5/2024 2:20,71.0,13,129,,,33.92,-117.44,13,13,13.0,5/5/2024,2:20
5/5/2024 2:30,76.0,13,139,,,33.92,-117.44,13,13,13.0,5/5/2024,2:30
5/5/2024 2:40,83.0,15,151,,,33.92,-117.44,13,13,13.0,5/5/2024,2:40
5/5/2024 2:50,79.5,19,140,,,33.92,-117.44,13,13,13.0,5/5/2024,2:50
5/5/2024 3:00,76.0,18,134,,,33.92,-117.44,13,13,13.0,5/5/2024,3:00
5/5/2024 3:10,76.0,16,136,,,33.92,-117.44,13,13,13.0,5/5/2024,3:10
5/5/2024 3:20,75.5,13,138,,,33.92,-117.44,13,12,12.5,5/5/2024,3:20
5/5/2024 3:30,77.5,14,141,,,33.92,-117.44,13,13,13.0,5/5/2024,3:30
5/5/2024 3:40,72.0,12,132,,,33.92,-117.44,13,13,13.0,5/5/2024,3:40
5/5/2024 3:50,73.0,13,133,,,33.92,-117.44,13,13,13.0,5/5/2024,3:50
5/5/2024 4:00,82.0,13,151,,,33.92,-117.44,13,13,13.0,5/5/2024,4:00
5/5/2024 4:10,82.0,14,150,,,33.92,-117.44,13,13,13.0,5/5/2024,4:10
5/5/2024 4:20,78.5,15,142,,,33.92,-117.44,13,13,13.0,5/5/2024,4:20
5/5/2024 4:30,76.0,14,138,,,33.92,-117.44,13,13,13.0,5/5/2024,4:30
5/5/2024 4:40,77.0,15,139,,,33.92,-117.44,13,13,13.0,5/5/2024,4:40
5/5/2024 4:50,77.5,16,139,,,33.92,-117.44,13,13,13.0,5/5/2024,4:50
5/5/2024 5:00,76.0,16,136,,,33.92,-117.44,13,13,13.0,5/5/2024,5:00
5/5/2024 5:10,79.0,17,141,,,33.92,-117.44,13,13,13.0,5/5/2024,5:10
5/5/2024 5:20,78.5,17,140,,,33.92,-117.44,13,13,13.0,5/5/2024,5:20
5/5/2024 5:30,76.5,14,139,,,33.92,-117.44,13,13,13.0,5/5/2024,5:30
5/5/2024 5:40,77.0,14,140,,,33.92,-117.44,13,12,12.5,5/5/2024,5:40
5/5/2024 5:50,72.5,6,139,,,33.92,-117.44,13,12,12.5,5/5/2024,5:50
5/5/2024 6:00,75.5,1,150,,,33.92,-117.44,13,12,12.5,5/5/2024,6:00
5/5/2024 6:10,76.5,1,152,,,33.92,-117.44,12,12,12.0,5/5/2024,6:10
5/5/2024 6:20,75.5,0,151,,,33.92,-117.44,12,12,12.0,5/5/2024,6:20
5/5/2024 6:30,76.0,1,151,,,33.92,-117.44,12,12,12.0,5/5/2024,6:30
5/5/2024 6:40,76.0,1,151,,,33.92,-117.44,12,12,12.0,5/5/2024,6:40
5/5/2024 6:50,79.0,3,155,,,33.92,-117.44,12,12,12.0,5/5/2024,6:50
5/5/2024 7:00,79.0,3,155,,,33.92,-117.44,12,12,12.0,5/5/2024,7:00
5/5/2024 7:10,79.5,3,156,,,33.92,-117.44,12,12,12.0,5/5/2024,7:10
5/5/2024 7:20,79.5,4,155,,,33.92,-117.44,12,12,12.0,5/5/2024,7:20
5/5/2024 7:30,79.5,5,154,,,33.92,-117.44,13,12,12.5,5/5/2024,7:30
5/5/2024 7:40,68.0,7,129,,,33.92,-117.44,14,12,13.0,5/5/2024,7:40
5/5/2024 7:50,67.0,6,128,,,33.92,-117.44,14,12,13.0,5/5/2024,7:50
5/5/2024 8:00,62.5,8,117,,,33.92,-117.44,15,12,13.5,5/5/2024,8:00
5/5/2024 8:10,63.0,6,120,,,33.92,-117.44,16,12,14.0,5/5/2024,8:10
5/5/2024 8:20,63.5,7,120,,,33.92,-117.44,16,12,14.0,5/5/2024,8:20
5/5/2024 8:30,65.5,9,122,,,33.92,-117.44,16,12,14.0,5/5/2024,8:30
5/5/2024 8:40,62.5,6,119,,,33.92,-117.44,16,12,14.0,5/5/2024,8:40
5/5/2024 8:50,62.0,6,118,,,33.92,-117.44,17,12,14.5,5/5/2024,8:50
5/5/2024 9:00,61.0,4,118,,,33.92,-117.44,17,13,15.0,5/5/2024,9:00
5/5/2024 9:10,54.0,2,106,,,33.92,-117.44,17,13,15.0,5/5/2024,9:10
5/5/2024 9:20,54.5,1,108,,,33.92,-117.44,17,13,15.0,5/5/2024,9:20
5/5/2024 9:30,52.0,0,104,,,33.92,-117.44,18,13,15.5,5/5/2024,9:30
5/5/2024 9:40,56.0,2,110,,,33.92,-117.44,18,13,15.5,5/5/2024,9:40
5/5/2024 9:50,55.5,2,109,,,33.92,-117.44,18,14,16.0,5/5/2024,9:50
5/5/2024 10:00,53.0,2,104,,,33.92,-117.44,19,14,16.5,5/5/2024,10:00
5/5/2024 10:10,51.5,2,101,,,33.92,-117.44,19,14,16.5,5/5/2024,10:10
5/5/2024 10:20,54.0,3,105,,,33.92,-117.44,19,14,16.5,5/5/2024,10:20
5/5/2024 10:30,53.5,3,104,,,33.92,-117.44,19,14,16.5,5/5/2024,10:30
5/5/2024 10:40,50.0,2,98,,,33.92,-117.44,20,15,17.5,5/5/2024,10:40
5/5/2024 10:50,50.0,2,98,,,33.92,-117.44,21,15,18.0,5/5/2024,10:50
5/5/2024 11:00,50.5,2,99,,,33.92,-117.44,21,15,18.0,5/5/2024,11:00
5/5/2024 11:10,49.0,1,97,,,33.92,-117.44,21,16,18.5,5/5/2024,11:10
5/5/2024 11:20,50.5,3,98,,,33.92,-117.44,22,16,19.0,5/5/2024,11:20
5/5/2024 11:30,53.0,3,103,,,33.92,-117.44,22,16,19.0,5/5/2024,11:30
5/5/2024 11:40,55.0,3,107,,,33.92,-117.44,22,16,19.0,5/5/2024,11:40
5/5/2024 11:50,54.5,4,105,,,33.92,-117.44,21,16,18.5,5/5/2024,11:50
5/5/2024 12:00,52.5,3,102,,,33.92,-117.44,21,17,19.0,5/5/2024,12:00
5/5/2024 12:10,51.0,3,99,,,33.92,-117.44,21,17,19.0,5/5/2024,12:10
5/5/2024 12:20,51.0,4,98,,,33.92,-117.44,21,17,19.0,5/5/2024,12:20
5/5/2024 12:30,52.0,4,100,,,33.92,-117.44,22,17,19.5,5/5/2024,12:30
5/5/2024 12:40,53.0,4,102,,,33.92,-117.44,22,17,19.5,5/5/2024,12:40
5/5/2024 12:50,54.5,4,105,,,33.92,-117.44,21,18,19.5,5/5/2024,12:50
5/5/2024 13:00,52.5,3,102,,,33.92,-117.44,22,18,20.0,5/5/2024,13:00
5/5/2024 13:10,54.0,4,104,,,33.92,-117.44,22,19,20.5,5/5/2024,13:10
5/5/2024 13:20,55.0,4,106,,,33.92,-117.44,22,19,20.5,5/5/2024,13:20
5/5/2024 13:30,54.0,4,104,,,33.92,-117.44,22,19,20.5,5/5/2024,13:30
5/5/2024 13:40,53.5,5,102,,,33.92,-117.44,22,20,21.0,5/5/2024,13:40
5/5/2024 13:50,52.5,5,100,,,33.92,-117.44,22,21,21.5,5/5/2024,13:50
5/5/2024 14:00,54.5,5,104,,,33.92,-117.44,22,21,21.5,5/5/2024,14:00
5/5/2024 14:10,57.0,6,108,,,33.92,-117.44,22,20,21.0,5/5/2024,14:10
5/5/2024 14:20,58.0,6,110,,,33.92,-117.44,22,20,21.0,5/5/2024,14:20
5/5/2024 14:30,57.0,7,107,,,33.92,-117.44,22,21,21.5,5/5/2024,14:30
5/5/2024 14:40,57.0,6,108,,,33.92,-117.44,22,21,21.5,5/5/2024,14:40
5/5/2024 14:50,55.5,6,105,,,33.92,-117.44,22,21,21.5,5/5/2024,14:50
5/5/2024 15:00,53.5,5,102,,,33.92,-117.44,22,21,21.5,5/5/2024,15:00
5/5/2024 15:10,55.0,7,103,,,33.92,-117.44,22,21,21.5,5/5/2024,15:10
5/5/2024 15:20,52.0,6,98,,,33.92,-117.44,23,22,22.5,5/5/2024,15:20
5/5/2024 15:30,53.5,6,101,,,33.92,-117.44,23,22,22.5,5/5/2024,15:30
5/5/2024 15:40,53.0,6,100,,,33.92,-117.44,22,22,22.0,5/5/2024,15:40
5/5/2024 15:50,54.5,7,102,,,33.92,-117.44,22,22,22.0,5/5/2024,15:50
5/5/2024 16:00,55.0,7,103,,,33.92,-117.44,22,22,22.0,5/5/2024,16:00
5/5/2024 16:10,56.0,7,105,,,33.92,-117.44,22,22,22.0,5/5/2024,16:10
5/5/2024 16:20,59.0,7,111,,,33.92,-117.44,22,22,22.0,5/5/2024,16:20
5/5/2024 16:30,59.0,8,110,,,33.92,-117.44,22,22,22.0,5/5/2024,16:30
5/5/2024 16:40,58.5,7,110,,,33.92,-117.44,21,22,21.5,5/5/2024,16:40
5/5/2024 16:50,58.0,7,109,,,33.92,-117.44,21,22,21.5,5/5/2024,16:50
5/5/2024 17:00,56.5,7,106,,,33.92,-117.44,21,22,21.5,5/5/2024,17:00
5/5/2024 17:10,56.0,7,105,,,33.92,-117.44,21,23,22.0,5/5/2024,17:10
5/5/2024 17:20,53.5,8,99,,,33.92,-117.44,21,23,22.0,5/5/2024,17:20
5/5/2024 17:30,53.5,8,99,,,33.92,-117.44,20,23,21.5,5/5/2024,17:30
5/5/2024 17:40,53.0,8,98,,,33.92,-117.44,20,22,21.0,5/5/2024,17:40
5/5/2024 17:50,54.0,9,99,,,33.92,-117.44,19,22,20.5,5/5/2024,17:50
5/5/2024 18:00,54.5,8,101,,,33.92,-117.44,19,22,20.5,5/5/2024,18:00
5/5/2024 18:10,55.5,8,103,,,33.92,-117.44,19,21,20.0,5/5/2024,18:10
5/5/2024 18:20,56.0,9,103,,,33.92,-117.44,19,21,20.0,5/5/2024,18:20
5/5/2024 18:30,58.5,9,108,,,33.92,-117.44,19,19,19.0,5/5/2024,18:30
5/5/2024 18:40,55.5,8,103,,,33.92,-117.44,18,19,18.5,5/5/2024,18:40
5/5/2024 18:50,56.0,8,104,,,33.92,-117.44,18,18,18.0,5/5/2024,18:50
5/5/2024 19:00,56.0,8,104,,,33.92,-117.44,18,18,18.0,5/5/2024,19:00
5/5/2024 19:10,58.0,7,109,,,33.92,-117.44,17,17,17.0,5/5/2024,19:10
5/5/2024 19:20,60.5,10,111,,,33.92,-117.44,17,17,17.0,5/5/2024,19:20
5/5/2024 19:30,58.0,12,104,,,33.92,-117.44,17,17,17.0,5/5/2024,19:30
5/5/2024 19:40,59.5,11,108,,,33.92,-117.44,17,17,17.0,5/5/2024,19:40
5/5/2024 19:50,57.5,11,104,,,33.92,-117.44,16,16,16.0,5/5/2024,19:50
5/5/2024 20:00,56.0,10,102,,,33.92,-117.44,16,16,16.0,5/5/2024,20:00
5/5/2024 20:10,57.5,9,106,,,33.92,-117.44,16,16,16.0,5/5/2024,20:10
5/5/2024 20:20,59.5,10,109,,,33.92,-117.44,16,16,16.0,5/5/2024,20:20
5/5/2024 20:30,60.5,10,111,,,33.92,-117.44,16,16,16.0,5/5/2024,20:30
5/5/2024 20:40,59.5,10,109,,,33.92,-117.44,15,15,15.0,5/5/2024,20:40
5/5/2024 20:50,61.5,12,111,,,33.92,-117.44,15,15,15.0,5/5/2024,20:50
5/5/2024 21:00,62.5,13,112,,,33.92,-117.44,14,14,14.0,5/5/2024,21:00
5/5/2024 21:10,68.5,14,123,,,33.92,-117.44,14,14,14.0,5/5/2024,21:10
5/5/2024 21:20,64.0,13,115,,,33.92,-117.44,14,14,14.0,5/5/2024,21:20
5/5/2024 21:30,63.5,15,112,,,33.92,-117.44,14,14,14.0,5/5/2024,21:30
5/5/2024 21:40,63.0,14,112,,,33.92,-117.44,14,14,14.0,5/5/2024,21:40
5/5/2024 21:50,63.5,11,116,,,33.92,-117.44,13,14,13.5,5/5/2024,21:50
5/5/2024 22:00,65.0,10,120,,,33.92,-117.44,13,13,13.0,5/5/2024,22:00
5/5/2024 22:10,68.5,11,126,,,33.92,-117.44,13,13,13.0,5/5/2024,22:10
5/5/2024 22:20,66.0,11,121,,,33.92,-117.44,13,13,13.0,5/5/2024,22:20
5/5/2024 22:30,68.0,10,126,,,33.92,-117.44,13,13,13.0,5/5/2024,22:30
5/5/2024 22:40,73.5,11,136,,,33.92,-117.44,12,13,12.5,5/5/2024,22:40
5/5/2024 22:50,73.0,11,135,,,33.92,-117.44,12,13,12.5,5/5/2024,22:50
5/5/2024 23:00,75.5,10,141,,,33.92,-117.44,12,13,12.5,5/5/2024,23:00
5/5/2024 23:10,73.0,11,135,,,33.92,-117.44,13,13,13.0,5/5/2024,23:10
5/5/2024 23:20,73.5,11,136,,,33.92,-117.44,12,13,12.5,5/5/2024,23:20
5/5/2024 23:30,73.5,12,135,,,33.92,-117.44,12,13,12.5,5/5/2024,23:30
5/5/2024 23:40,68.0,10,126,,,33.92,-117.44,12,12,12.0,5/5/2024,23:40
5/5/2024 23:50,68.0,10,126,,,33.92,-117.44,12,12,12.0,5/5/2024,23:50
5/6/2024 0:00,69.5,10,129,,,33.92,-117.44,11,12,11.5,5/6/2024,0:00
5/6/2024 0:10,71.5,9,134,,,33.92,-117.44,12,12,12.0,5/6/2024,0:10
5/6/2024 0:20,81.0,11,151,,,33.92,-117.44,12,12,12.0,5/6/2024,0:20
5/6/2024 0:30,81.5,11,152,,,33.92,-117.44,12,12,12.0,5/6/2024,0:30
5/6/2024 0:40,79.0,11,147,,,33.92,-117.44,11,12,11.5,5/6/2024,0:40
5/6/2024 0:50,74.0,10,138,,,33.92,-117.44,11,12,11.5,5/6/2024,0:50
5/6/2024 1:00,78.0,11,145,,,33.92,-117.44,11,12,11.5,5/6/2024,1:00
5/6/2024 1:10,73.0,12,134,,,33.92,-117.44,11,12,11.5,5/6/2024,1:10
5/6/2024 1:20,74.5,10,139,,,33.92,-117.44,11,11,11.0,5/6/2024,1:20
5/6/2024 1:30,79.5,12,147,,,33.92,-117.44,11,11,11.0,5/6/2024,1:30
5/6/2024 1:40,79.0,11,147,,,33.92,-117.44,11,11,11.0,5/6/2024,1:40
5/6/2024 1:50,78.5,12,145,,,33.92,-117.44,11,11,11.0,5/6/2024,1:50
5/6/2024 2:00,79.5,11,148,,,33.92,-117.44,11,11,11.0,5/6/2024,2:00
5/6/2024 2:10,82.0,11,153,,,33.92,-117.44,11,11,11.0,5/6/2024,2:10
5/6/2024 2:20,83.5,12,155,,,33.92,-117.44,11,11,11.0,5/6/2024,2:20
5/6/2024 2:30,79.0,12,146,,,33.92,-117.44,11,11,11.0,5/6/2024,2:30
5/6/2024 2:40,75.0,11,139,,,33.92,-117.44,10,11,10.5,5/6/2024,2:40
5/6/2024 2:50,76.5,12,141,,,33.92,-117.44,10,11,10.5,5/6/2024,2:50
5/6/2024 3:00,80.0,14,146,,,33.92,-117.44,10,11,10.5,5/6/2024,3:00
5/6/2024 3:10,79.5,13,146,,,33.92,-117.44,10,11,10.5,5/6/2024,3:10
5/6/2024 3:20,74.5,13,136,,,33.92,-117.44,10,11,10.5,5/6/2024,3:20
5/6/2024 3:30,71.5,12,131,,,33.92,-117.44,10,11,10.5,5/6/2024,3:30
5/6/2024 3:40,71.0,13,129,,,33.92,-117.44,10,10,10.0,5/6/2024,3:40
5/6/2024 3:50,69.0,13,125,,,33.92,-117.44,10,11,10.5,5/6/2024,3:50
5/6/2024 4:00,69.5,13,126,,,33.92,-117.44,10,10,10.0,5/6/2024,4:00
5/6/2024 4:10,69.5,13,126,,,33.92,-117.44,10,10,10.0,5/6/2024,4:10
5/6/2024 4:20,73.0,14,132,,,33.92,-117.44,10,10,10.0,5/6/2024,4:20
5/6/2024 4:30,73.5,16,131,,,33.92,-117.44,9,10,9.5,5/6/2024,4:30
5/6/2024 4:40,73.5,17,130,,,33.92,-117.44,9,10,9.5,5/6/2024,4:40
5/6/2024 4:50,73.5,15,132,,,33.92,-117.44,9,10,9.5,5/6/2024,4:50
5/6/2024 5:00,73.5,15,132,,,33.92,-117.44,9,9,9.0,5/6/2024,5:00
5/6/2024 5:10,74.5,15,134,,,33.92,-117.44,9,9,9.0,5/6/2024,5:10
5/6/2024 5:20,75.0,18,132,,,33.92,-117.44,9,9,9.0,5/6/2024,5:20
5/6/2024 5:30,70.5,15,126,,,33.92,-117.44,9,9,9.0,5/6/2024,5:30
5/6/2024 5:40,74.5,17,132,,,33.92,-117.44,9,9,9.0,5/6/2024,5:40
5/6/2024 5:50,79.5,18,141,,,33.92,-117.44,9,9,9.0,5/6/2024,5:50
5/6/2024 6:00,88.0,19,157,,,33.92,-117.44,9,9,9.0,5/6/2024,6:00
5/6/2024 6:10,87.5,16,159,,,33.92,-117.44,9,9,9.0,5/6/2024,6:10
5/6/2024 6:20,87.0,18,156,,,33.92,-117.44,9,9,9.0,5/6/2024,6:20
5/6/2024 6:30,86.0,18,154,,,33.92,-117.44,9,10,9.5,5/6/2024,6:30
5/6/2024 6:40,86.5,20,153,,,33.92,-117.44,10,9,9.5,5/6/2024,6:40
5/6/2024 6:50,86.0,20,152,,,33.92,-117.44,11,10,10.5,5/6/2024,6:50
5/6/2024 7:00,81.0,18,144,,,33.92,-117.44,12,10,11.0,5/6/2024,7:00
5/6/2024 7:10,74.0,17,131,,,33.92,-117.44,13,10,11.5,5/6/2024,7:10
5/6/2024 7:20,70.0,17,123,,,33.92,-117.44,14,10,12.0,5/6/2024,7:20
5/6/2024 7:30,73.0,17,129,,,33.92,-117.44,14,11,12.5,5/6/2024,7:30
5/6/2024 7:40,69.5,15,124,,,33.92,-117.44,16,11,13.5,5/6/2024,7:40
5/6/2024 7:50,65.5,13,118,,,33.92,-117.44,17,11,14.0,5/6/2024,7:50
5/6/2024 8:00,62.5,14,111,,,33.92,-117.44,17,11,14.0,5/6/2024,8:00
5/6/2024 8:10,61.0,15,107,,,33.92,-117.44,18,12,15.0,5/6/2024,8:10
5/6/2024 8:20,64.0,15,113,,,33.92,-117.44,18,12,15.0,5/6/2024,8:20
5/6/2024 8:30,60.5,15,106,,,33.92,-117.44,19,12,15.5,5/6/2024,8:30
5/6/2024 8:40,61.0,15,107,,,33.92,-117.44,19,12,15.5,5/6/2024,8:40
5/6/2024 8:50,62.0,16,108,,,33.92,-117.44,20,13,16.5,5/6/2024,8:50
5/6/2024 9:00,61.5,15,108,,,33.92,-117.44,20,13,16.5,5/6/2024,9:00
5/6/2024 9:10,59.0,15,103,,,33.92,-117.44,20,13,16.5,5/6/2024,9:10
5/6/2024 9:20,56.5,15,98,,,33.92,-117.44,21,13,17.0,5/6/2024,9:20
5/6/2024 9:30,59.0,14,104,,,33.92,-117.44,21,14,17.5,5/6/2024,9:30
5/6/2024 9:40,59.5,16,103,,,33.92,-117.44,22,14,18.0,5/6/2024,9:40
5/6/2024 9:50,60.5,15,106,,,33.92,-117.44,22,14,18.0,5/6/2024,9:50
5/6/2024 10:00,62.0,14,110,,,33.92,-117.44,23,15,19.0,5/6/2024,10:00
5/6/2024 10:10,58.0,15,101,,,33.92,-117.44,23,16,19.5,5/6/2024,10:10
5/6/2024 10:20,56.0,13,99,,,33.92,-117.44,23,16,19.5,5/6/2024,10:20
5/6/2024 10:30,57.0,14,100,,,33.92,-117.44,23,16,19.5,5/6/2024,10:30
5/6/2024 10:40,57.5,15,100,,,33.92,-117.44,24,17,20.5,5/6/2024,10:40
5/6/2024 10:50,55.5,14,97,,,33.92,-117.44,24,17,20.5,5/6/2024,10:50
5/6/2024 11:00,57.0,16,98,,,33.92,-117.44,24,17,20.5,5/6/2024,11:00
5/6/2024 11:10,59.0,14,104,,,33.92,-117.44,24,17,20.5,5/6/2024,11:10
5/6/2024 11:20,61.5,15,108,,,33.92,-117.44,25,18,21.5,5/6/2024,11:20
5/6/2024 11:30,60.0,16,104,,,33.92,-117.44,26,18,22.0,5/6/2024,11:30
5/6/2024 11:40,59.5,18,101,,,33.92,-117.44,25,19,22.0,5/6/2024,11:40
5/6/2024 11:50,59.5,19,100,,,33.92,-117.44,26,19,22.5,5/6/2024,11:50
5/6/2024 12:00,61.5,20,103,,,33.92,-117.44,27,19,23.0,5/6/2024,12:00
5/6/2024 12:10,60.5,21,100,,,33.92,-117.44,27,20,23.5,5/6/2024,12:10
5/6/2024 12:20,59.0,19,99,,,33.92,-117.44,27,21,24.0,5/6/2024,12:20
5/6/2024 12:30,60.0,18,102,,,33.92,-117.44,27,21,24.0,5/6/2024,12:30
5/6/2024 12:40,58.0,16,100,,,33.92,-117.44,27,22,24.5,5/6/2024,12:40
5/6/2024 12:50,59.5,16,103,,,33.92,-117.44,27,22,24.5,5/6/2024,12:50
5/6/2024 13:00,59.0,14,104,,,33.92,-117.44,28,23,25.5,5/6/2024,13:00
5/6/2024 13:10,58.0,14,102,,,33.92,-117.44,28,23,25.5,5/6/2024,13:10
5/6/2024 13:20,59.0,15,103,,,33.92,-117.44,28,23,25.5,5/6/2024,13:20
5/6/2024 13:30,59.0,15,103,,,33.92,-117.44,28,24,26.0,5/6/2024,13:30
5/6/2024 13:40,60.0,18,102,,,33.92,-117.44,28,24,26.0,5/6/2024,13:40
5/6/2024 13:50,61.5,19,104,,,33.92,-117.44,28,25,26.5,5/6/2024,13:50
5/6/2024 14:00,61.0,17,105,,,33.92,-117.44,28,25,26.5,5/6/2024,14:00
5/6/2024 14:10,60.0,17,103,,,33.92,-117.44,28,26,27.0,5/6/2024,14:10
5/6/2024 14:20,58.5,15,102,,,33.92,-117.44,28,26,27.0,5/6/2024,14:20
5/6/2024 14:30,55.5,13,98,,,33.92,-117.44,28,26,27.0,5/6/2024,14:30
5/6/2024 14:40,55.5,13,98,,,33.92,-117.44,29,26,27.5,5/6/2024,14:40
5/6/2024 14:50,56.0,12,100,,,33.92,-117.44,28,26,27.0,5/6/2024,14:50
5/6/2024 15:00,55.0,11,99,,,33.92,-117.44,28,27,27.5,5/6/2024,15:00
5/6/2024 15:10,56.5,11,102,,,33.92,-117.44,28,27,27.5,5/6/2024,15:10
5/6/2024 15:20,56.5,12,101,,,33.92,-117.44,28,27,27.5,5/6/2024,15:20
5/6/2024 15:30,56.5,10,103,,,33.92,-117.44,28,27,27.5,5/6/2024,15:30
5/6/2024 15:40,55.5,9,102,,,33.92,-117.44,28,27,27.5,5/6/2024,15:40
5/6/2024 15:50,54.5,9,100,,,33.92,-117.44,28,27,27.5,5/6/2024,15:50
5/6/2024 16:00,55.0,9,101,,,33.92,-117.44,28,27,27.5,5/6/2024,16:00
5/6/2024 16:10,56.0,10,102,,,33.92,-117.44,28,27,27.5,5/6/2024,16:10
5/6/2024 16:20,57.5,14,101,,,33.92,-117.44,27,27,27.0,5/6/2024,16:20
5/6/2024 16:30,56.5,14,99,,,33.92,-117.44,27,27,27.0,5/6/2024,16:30
5/6/2024 16:40,57.0,15,99,,,33.92,-117.44,26,27,26.5,5/6/2024,16:40
5/6/2024 16:50,61.5,20,103,,,33.92,-117.44,26,27,26.5,5/6/2024,16:50
5/6/2024 17:00,62.0,22,102,,,33.92,-117.44,26,27,26.5,5/6/2024,17:00
5/6/2024 17:10,59.0,17,101,,,33.92,-117.44,25,27,26.0,5/6/2024,17:10
5/6/2024 17:20,57.0,15,99,,,33.92,-117.44,24,27,25.5,5/6/2024,17:20
5/6/2024 17:30,56.5,13,100,,,33.92,-117.44,24,27,25.5,5/6/2024,17:30
5/6/2024 17:40,56.0,12,100,,,33.92,-117.44,24,26,25.0,5/6/2024,17:40
5/6/2024 17:50,55.0,11,99,,,33.92,-117.44,23,26,24.5,5/6/2024,17:50
5/6/2024 18:00,54.5,10,99,,,33.92,-117.44,23,25,24.0,5/6/2024,18:00
5/6/2024 18:10,54.5,10,99,,,33.92,-117.44,23,24,23.5,5/6/2024,18:10
5/6/2024 18:20,56.0,10,102,,,33.92,-117.44,22,24,23.0,5/6/2024,18:20
5/6/2024 18:30,58.5,10,107,,,33.92,-117.44,22,23,22.5,5/6/2024,18:30
5/6/2024 18:40,60.5,8,113,,,33.92,-117.44,22,22,22.0,5/6/2024,18:40
5/6/2024 18:50,61.0,8,114,,,33.92,-117.44,21,22,21.5,5/6/2024,18:50
5/6/2024 19:00,55.0,8,102,,,33.92,-117.44,21,21,21.0,5/6/2024,19:00
5/6/2024 19:10,54.0,9,99,,,33.92,-117.44,21,21,21.0,5/6/2024,19:10
5/6/2024 19:20,54.0,8,100,,,33.92,-117.44,20,21,20.5,5/6/2024,19:20
5/6/2024 19:30,55.5,9,102,,,33.92,-117.44,19,20,19.5,5/6/2024,19:30
5/6/2024 19:40,54.5,9,100,,,33.92,-117.44,19,19,19.0,5/6/2024,19:40
5/6/2024 19:50,54.0,8,100,,,33.92,-117.44,19,19,19.0,5/6/2024,19:50
5/3/2024 21:50,59.75,70,65,50.0,54.0,33.92,-117.51,17,12,14.5,5/3/2024,21:50
5/3/2024 22:00,62.5,73,68,52.0,57.0,33.92,-117.51,17,12,14.5,5/3/2024,22:00
5/3/2024 22:10,61.25,72,69,48.0,56.0,33.92,-117.51,17,12,14.5,5/3/2024,22:10
5/3/2024 22:20,64.5,75,70,53.0,60.0,33.92,-117.51,17,12,14.5,5/3/2024,22:20
5/3/2024 22:30,62.5,71,67,53.0,59.0,33.92,-117.51,16,12,14.0,5/3/2024,22:30
5/3/2024 22:40,62.75,70,66,55.0,60.0,33.92,-117.51,16,12,14.0,5/3/2024,22:40
5/3/2024 22:50,64.5,73,67,55.0,63.0,33.92,-117.51,16,12,14.0,5/3/2024,22:50
5/3/2024 23:00,66.0,76,70,55.0,63.0,33.92,-117.51,16,12,14.0,5/3/2024,23:00
5/3/2024 23:10,67.0,78,72,57.0,61.0,33.92,-117.51,16,12,14.0,5/3/2024,23:10
5/3/2024 23:20,70.0,82,74,58.0,66.0,33.92,-117.51,15,12,13.5,5/3/2024,23:20
5/3/2024 23:30,70.25,83,77,58.0,63.0,33.92,-117.51,15,12,13.5,5/3/2024,23:30
5/3/2024 23:40,69.0,81,74,57.0,64.0,33.92,-117.51,15,12,13.5,5/3/2024,23:40
5/3/2024 23:50,69.75,81,74,58.0,66.0,33.92,-117.51,15,12,13.5,5/3/2024,23:50
5/4/2024 0:00,69.25,82,72,57.0,66.0,33.92,-117.51,15,12,13.5,5/4/2024,0:00
5/4/2024 0:10,70.0,81,73,60.0,66.0,33.92,-117.51,15,12,13.5,5/4/2024,0:10
5/4/2024 0:20,68.25,80,72,57.0,64.0,33.92,-117.51,15,12,13.5,5/4/2024,0:20
5/4/2024 0:30,70.25,81,73,61.0,66.0,33.92,-117.51,16,12,14.0,5/4/2024,0:30
5/4/2024 0:40,70.5,79,73,62.0,68.0,33.92,-117.51,16,12,14.0,5/4/2024,0:40
5/4/2024 0:50,72.75,82,76,63.0,70.0,33.92,-117.51,16,12,14.0,5/4/2024,0:50
5/4/2024 1:00,73.25,85,77,63.0,68.0,33.92,-117.51,16,12,14.0,5/4/2024,1:00
5/4/2024 1:10,75.5,88,82,62.0,70.0,33.92,-117.51,16,12,14.0,5/4/2024,1:10
5/4/2024 1:20,77.5,92,87,62.0,69.0,33.92,-117.51,16,12,14.0,5/4/2024,1:20
5/4/2024 1:30,77.25,94,88,59.0,68.0,33.92,-117.51,16,12,14.0,5/4/2024,1:30
5/4/2024 1:40,76.75,95,89,58.0,65.0,33.92,-117.51,16,13,14.5,5/4/2024,1:40
5/4/2024 1:50,79.75,97,92,62.0,68.0,33.92,-117.51,15,13,14.0,5/4/2024,1:50
5/4/2024 2:00,80.5,99,94,60.0,69.0,33.92,-117.51,16,13,14.5,5/4/2024,2:00
5/4/2024 2:10,80.0,98,92,61.0,69.0,33.92,-117.51,16,13,14.5,5/4/2024,2:10
5/4/2024 2:20,80.75,98,92,63.0,70.0,33.92,-117.51,16,13,14.5,5/4/2024,2:20
5/4/2024 2:30,80.5,97,92,63.0,70.0,33.92,-117.51,16,12,14.0,5/4/2024,2:30
5/4/2024 2:40,80.0,97,90,62.0,71.0,33.92,-117.51,16,13,14.5,5/4/2024,2:40
5/4/2024 2:50,80.25,98,92,62.0,69.0,33.92,-117.51,16,13,14.5,5/4/2024,2:50
5/4/2024 3:00,80.75,99,93,62.0,69.0,33.92,-117.51,16,13,14.5,5/4/2024,3:00
5/4/2024 3:10,82.75,102,94,64.0,71.0,33.92,-117.51,16,13,14.5,5/4/2024,3:10
5/4/2024 3:20,83.0,99,93,66.0,74.0,33.92,-117.51,16,13,14.5,5/4/2024,3:20
5/4/2024 3:30,83.25,99,93,66.0,75.0,33.92,-117.51,16,13,14.5,5/4/2024,3:30
5/4/2024 3:40,85.25,103,95,68.0,75.0,33.92,-117.51,16,12,14.0,5/4/2024,3:40
5/4/2024 3:50,86.5,104,96,69.0,77.0,33.92,-117.51,16,12,14.0,5/4/2024,3:50
5/4/2024 4:00,87.0,104,96,69.0,79.0,33.92,-117.51,16,12,14.0,5/4/2024,4:00
5/4/2024 4:10,85.5,104,95,67.0,76.0,33.92,-117.51,16,12,14.0,5/4/2024,4:10
5/4/2024 4:20,84.75,103,95,67.0,74.0,33.92,-117.51,16,12,14.0,5/4/2024,4:20
5/4/2024 4:30,77.75,88,81,66.0,76.0,33.92,-117.51,15,12,13.5,5/4/2024,4:30
5/4/2024 4:40,75.75,84,77,67.0,75.0,33.92,-117.51,15,12,13.5,5/4/2024,4:40
5/4/2024 4:50,72.25,84,77,62.0,66.0,33.92,-117.51,15,12,13.5,5/4/2024,4:50
5/4/2024 5:00,70.0,84,75,58.0,63.0,33.92,-117.51,15,12,13.5,5/4/2024,5:00
5/4/2024 5:10,69.75,86,77,55.0,61.0,33.92,-117.51,15,12,13.5,5/4/2024,5:10
5/4/2024 5:20,69.5,88,78,52.0,60.0,33.92,-117.51,15,12,13.5,5/4/2024,5:20
5/4/2024 5:30,71.0,88,81,55.0,60.0,33.92,-117.51,15,12,13.5,5/4/2024,5:30
5/4/2024 5:40,74.75,98,88,54.0,59.0,33.92,-117.51,15,12,13.5,5/4/2024,5:40
5/4/2024 5:50,76.5,102,94,52.0,58.0,33.92,-117.51,15,12,13.5,5/4/2024,5:50
5/4/2024 6:00,78.75,104,95,55.0,61.0,33.92,-117.51,14,12,13.0,5/4/2024,6:00
5/4/2024 6:10,81.75,104,95,60.0,68.0,33.92,-117.51,15,12,13.5,5/4/2024,6:10
5/4/2024 6:20,82.5,104,95,62.0,69.0,33.92,-117.51,15,12,13.5,5/4/2024,6:20
5/4/2024 6:30,82.75,105,96,61.0,69.0,33.92,-117.51,15,12,13.5,5/4/2024,6:30
5/4/2024 6:40,82.0,105,96,60.0,67.0,33.92,-117.51,15,12,13.5,5/4/2024,6:40
5/4/2024 6:50,82.5,103,95,62.0,70.0,33.92,-117.51,15,12,13.5,5/4/2024,6:50
5/4/2024 7:00,84.0,103,94,65.0,74.0,33.92,-117.51,15,12,13.5,5/4/2024,7:00
5/4/2024 7:10,92.0,102,94,81.0,91.0,33.92,-117.51,15,12,13.5,5/4/2024,7:10
5/4/2024 7:20,92.25,100,94,83.0,92.0,33.92,-117.51,15,12,13.5,5/4/2024,7:20
5/4/2024 7:30,92.25,102,95,82.0,90.0,33.92,-117.51,15,12,13.5,5/4/2024,7:30
5/4/2024 7:40,91.25,103,94,79.0,89.0,33.92,-117.51,15,12,13.5,5/4/2024,7:40
5/4/2024 7:50,92.5,104,95,80.0,91.0,33.92,-117.51,15,12,13.5,5/4/2024,7:50
5/4/2024 8:00,92.5,102,95,82.0,91.0,33.92,-117.51,16,12,14.0,5/4/2024,8:00
5/4/2024 8:10,91.0,99,92,82.0,91.0,33.92,-117.51,16,13,14.5,5/4/2024,8:10
5/4/2024 8:20,94.25,104,96,84.0,93.0,33.92,-117.51,16,13,14.5,5/4/2024,8:20
5/4/2024 8:30,92.25,103,96,80.0,90.0,33.92,-117.51,16,13,14.5,5/4/2024,8:30
5/4/2024 8:40,87.75,105,97,69.0,80.0,33.92,-117.51,16,13,14.5,5/4/2024,8:40
5/4/2024 8:50,86.75,105,97,68.0,77.0,33.92,-117.51,16,13,14.5,5/4/2024,8:50
5/4/2024 9:00,86.25,98,93,73.0,81.0,33.92,-117.51,16,13,14.5,5/4/2024,9:00
5/4/2024 9:10,87.0,95,90,75.0,88.0,33.92,-117.51,16,13,14.5,5/4/2024,9:10
5/4/2024 9:20,80.5,84,78,76.0,84.0,33.92,-117.51,16,13,14.5,5/4/2024,9:20
5/4/2024 9:30,79.0,81,74,77.0,84.0,33.92,-117.51,17,13,15.0,5/4/2024,9:30
5/4/2024 9:40,66.0,76,69,57.0,62.0,33.92,-117.51,16,14,15.0,5/4/2024,9:40
5/4/2024 9:50,66.75,77,72,56.0,62.0,33.92,-117.51,17,14,15.5,5/4/2024,9:50
5/4/2024 10:00,52.0,71,66,34.0,37.0,33.92,-117.51,17,14,15.5,5/4/2024,10:00
5/4/2024 10:10,51.75,73,67,30.0,37.0,33.92,-117.51,17,15,16.0,5/4/2024,10:10
5/4/2024 10:20,50.75,75,70,28.0,30.0,33.92,-117.51,17,16,16.5,5/4/2024,10:20
5/4/2024 10:30,50.75,78,71,25.0,29.0,33.92,-117.51,17,16,16.5,5/4/2024,10:30
5/4/2024 10:40,54.5,78,73,31.0,36.0,33.92,-117.51,18,15,16.5,5/4/2024,10:40
5/4/2024 10:50,48.5,71,65,26.0,32.0,33.92,-117.51,18,16,17.0,5/4/2024,10:50
5/4/2024 11:00,45.0,66,60,26.0,28.0,33.92,-117.51,18,16,17.0,5/4/2024,11:00
5/4/2024 11:10,43.5,65,60,23.0,26.0,33.92,-117.51,18,17,17.5,5/4/2024,11:10
5/4/2024 11:20,39.0,61,58,16.0,21.0,33.92,-117.51,19,17,18.0,5/4/2024,11:20
5/4/2024 11:30,35.75,57,53,15.0,18.0,33.92,-117.51,19,17,18.0,5/4/2024,11:30
5/4/2024 11:40,37.0,59,53,17.0,19.0,33.92,-117.51,19,17,18.0,5/4/2024,11:40
5/4/2024 11:50,36.0,55,48,20.0,21.0,33.92,-117.51,19,17,18.0,5/4/2024,11:50
5/4/2024 12:00,37.5,55,51,20.0,24.0,33.92,-117.51,19,17,18.0,5/4/2024,12:00
5/4/2024 12:10,32.0,42,39,22.0,25.0,33.92,-117.51,20,17,18.5,5/4/2024,12:10
5/4/2024 12:20,26.75,34,32,18.0,23.0,33.92,-117.51,20,17,18.5,5/4/2024,12:20
5/4/2024 12:30,28.5,38,34,20.0,22.0,33.92,-117.51,20,17,18.5,5/4/2024,12:30
5/4/2024 12:40,28.75,34,30,23.0,28.0,33.92,-117.51,20,16,18.0,5/4/2024,12:40
5/4/2024 12:50,26.5,25,23,28.0,30.0,33.92,-117.51,19,16,17.5,5/4/2024,12:50
5/4/2024 13:00,29.75,31,27,29.0,32.0,33.92,-117.51,19,15,17.0,5/4/2024,13:00
5/4/2024 13:10,32.75,35,31,29.0,36.0,33.92,-117.51,19,15,17.0,5/4/2024,13:10
5/4/2024 13:20,37.25,41,36,33.0,39.0,33.92,-117.51,19,15,17.0,5/4/2024,13:20
5/4/2024 13:30,42.75,48,46,35.0,42.0,33.92,-117.51,19,15,17.0,5/4/2024,13:30
5/4/2024 13:40,45.5,55,51,36.0,40.0,33.92,-117.51,18,15,16.5,5/4/2024,13:40
5/4/2024 13:50,47.0,56,53,37.0,42.0,33.92,-117.51,19,15,17.0,5/4/2024,13:50
5/4/2024 14:00,44.25,53,48,35.0,41.0,33.92,-117.51,18,16,17.0,5/4/2024,14:00
5/4/2024 14:10,43.75,53,48,35.0,39.0,33.92,-117.51,18,16,17.0,5/4/2024,14:10
5/4/2024 14:20,43.0,53,47,33.0,39.0,33.92,-117.51,18,16,17.0,5/4/2024,14:20
5/4/2024 14:30,43.75,53,49,33.0,40.0,33.92,-117.51,19,16,17.5,5/4/2024,14:30
5/4/2024 14:40,43.0,53,49,31.0,39.0,33.92,-117.51,19,16,17.5,5/4/2024,14:40
5/4/2024 14:50,43.5,56,53,31.0,34.0,33.92,-117.51,19,16,17.5,5/4/2024,14:50
5/4/2024 15:00,42.25,54,54,28.0,33.0,33.92,-117.51,19,15,17.0,5/4/2024,15:00
5/4/2024 15:10,40.25,54,49,27.0,31.0,33.92,-117.51,19,16,17.5,5/4/2024,15:10
5/4/2024 15:20,39.75,53,48,29.0,29.0,33.92,-117.51,19,16,17.5,5/4/2024,15:20
5/4/2024 15:30,36.25,47,42,26.0,30.0,33.92,-117.51,19,16,17.5,5/4/2024,15:30
5/4/2024 15:40,37.0,49,44,24.0,31.0,33.92,-117.51,19,16,17.5,5/4/2024,15:40
5/4/2024 15:50,36.0,45,43,26.0,30.0,33.92,-117.51,19,16,17.5,5/4/2024,15:50
5/4/2024 16:00,33.5,43,37,25.0,29.0,33.92,-117.51,19,15,17.0,5/4/2024,16:00
5/4/2024 16:10,32.5,38,36,27.0,29.0,33.92,-117.51,19,15,17.0,5/4/2024,16:10
5/4/2024 16:20,32.5,39,35,25.0,31.0,33.92,-117.51,19,15,17.0,5/4/2024,16:20
5/4/2024 16:30,33.0,37,36,28.0,31.0,33.92,-117.51,19,15,17.0,5/4/2024,16:30
5/4/2024 16:40,30.0,35,32,25.0,28.0,33.92,-117.51,19,15,17.0,5/4/2024,16:40
5/4/2024 16:50,28.75,33,29,25.0,28.0,33.92,-117.51,19,15,17.0,5/4/2024,16:50
5/4/2024 17:00,30.0,33,30,27.0,30.0,33.92,-117.51,19,15,17.0,5/4/2024,17:00
5/4/2024 17:10,29.75,33,30,25.0,31.0,33.92,-117.51,19,14,16.5,5/4/2024,17:10
5/4/2024 17:20,29.5,35,31,24.0,28.0,33.92,-117.51,19,14,16.5,5/4/2024,17:20
5/4/2024 17:30,30.25,36,32,24.0,29.0,33.92,-117.51,19,14,16.5,5/4/2024,17:30
5/4/2024 17:40,29.25,35,30,25.0,27.0,33.92,-117.51,19,14,16.5,5/4/2024,17:40
5/4/2024 17:50,30.5,36,34,24.0,28.0,33.92,-117.51,19,14,16.5,5/4/2024,17:50
5/4/2024 18:00,31.0,38,34,24.0,28.0,33.92,-117.51,19,14,16.5,5/4/2024,18:00
5/4/2024 18:10,31.5,39,34,24.0,29.0,33.92,-117.51,19,14,16.5,5/4/2024,18:10
5/4/2024 18:20,31.0,37,34,23.0,30.0,33.92,-117.51,18,14,16.0,5/4/2024,18:20
5/4/2024 18:30,31.0,39,34,23.0,28.0,33.92,-117.51,18,14,16.0,5/4/2024,18:30
5/4/2024 18:40,30.5,36,32,25.0,29.0,33.92,-117.51,18,13,15.5,5/4/2024,18:40
5/4/2024 18:50,31.75,37,36,25.0,29.0,33.92,-117.51,18,13,15.5,5/4/2024,18:50
5/4/2024 19:00,34.25,37,35,30.0,35.0,33.92,-117.51,17,13,15.0,5/4/2024,19:00
5/4/2024 19:10,36.0,39,36,31.0,38.0,33.92,-117.51,17,12,14.5,5/4/2024,19:10
5/4/2024 19:20,36.75,40,36,33.0,38.0,33.92,-117.51,17,12,14.5,5/4/2024,19:20
5/4/2024 19:30,39.75,46,41,33.0,39.0,33.92,-117.51,17,12,14.5,5/4/2024,19:30
5/4/2024 19:40,42.75,51,45,35.0,40.0,33.92,-117.51,16,12,14.0,5/4/2024,19:40
5/4/2024 19:50,44.75,53,47,36.0,43.0,33.92,-117.51,16,12,14.0,5/4/2024,19:50
5/4/2024 20:00,39.5,44,38,34.0,42.0,33.92,-117.51,16,12,14.0,5/4/2024,20:00
5/4/2024 20:10,41.25,43,42,36.0,44.0,33.92,-117.51,16,12,14.0,5/4/2024,20:10
5/4/2024 20:20,43.5,50,43,37.0,44.0,33.92,-117.51,15,12,13.5,5/4/2024,20:20
5/4/2024 20:30,44.5,50,48,37.0,43.0,33.92,-117.51,15,12,13.5,5/4/2024,20:30
5/4/2024 20:40,41.0,45,40,38.0,41.0,33.92,-117.51,15,11,13.0,5/4/2024,20:40
5/4/2024 20:50,41.25,46,40,37.0,42.0,33.92,-117.51,15,11,13.0,5/4/2024,20:50
5/4/2024 21:00,39.75,46,40,34.0,39.0,33.92,-117.51,15,11,13.0,5/4/2024,21:00
5/4/2024 21:10,38.25,44,40,32.0,37.0,33.92,-117.51,14,11,12.5,5/4/2024,21:10
5/4/2024 21:20,40.5,47,43,34.0,38.0,33.92,-117.51,14,11,12.5,5/4/2024,21:20
5/4/2024 21:30,37.25,42,38,32.0,37.0,33.92,-117.51,14,11,12.5,5/4/2024,21:30
5/4/2024 21:40,39.0,44,40,33.0,39.0,33.92,-117.51,14,11,12.5,5/4/2024,21:40
5/4/2024 21:50,39.75,43,39,36.0,41.0,33.92,-117.51,14,11,12.5,5/4/2024,21:50
5/4/2024 22:00,40.5,46,42,33.0,41.0,33.92,-117.51,14,11,12.5,5/4/2024,22:00
5/4/2024 22:10,42.25,49,42,36.0,42.0,33.92,-117.51,14,10,12.0,5/4/2024,22:10
5/4/2024 22:20,44.25,51,45,37.0,44.0,33.92,-117.51,14,10,12.0,5/4/2024,22:20
5/4/2024 22:30,37.25,44,38,31.0,36.0,33.92,-117.51,14,10,12.0,5/4/2024,22:30
5/4/2024 22:40,38.0,47,42,29.0,34.0,33.92,-117.51,14,10,12.0,5/4/2024,22:40
5/4/2024 22:50,35.75,42,37,30.0,34.0,33.92,-117.51,14,10,12.0,5/4/2024,22:50
5/4/2024 23:00,33.25,39,36,27.0,31.0,33.92,-117.51,13,10,11.5,5/4/2024,23:00
5/4/2024 23:10,30.5,35,30,26.0,31.0,33.92,-117.51,13,10,11.5,5/4/2024,23:10
5/4/2024 23:20,31.0,36,31,26.0,31.0,33.92,-117.51,13,10,11.5,5/4/2024,23:20
5/4/2024 23:30,31.5,38,33,25.0,30.0,33.92,-117.51,13,10,11.5,5/4/2024,23:30
5/4/2024 23:40,33.5,40,35,26.0,33.0,33.92,-117.51,13,10,11.5,5/4/2024,23:40
5/4/2024 23:50,36.5,38,32,36.0,40.0,33.92,-117.51,13,11,12.0,5/4/2024,23:50
5/5/2024 0:00,40.25,47,37,36.0,41.0,33.92,-117.51,13,10,11.5,5/5/2024,0:00
5/5/2024 0:10,36.5,41,33,34.0,38.0,33.92,-117.51,13,10,11.5,5/5/2024,0:10
5/5/2024 0:20,32.5,35,31,30.0,34.0,33.92,-117.51,13,11,12.0,5/5/2024,0:20
5/5/2024 0:30,29.75,35,30,25.0,29.0,33.92,-117.51,13,11,12.0,5/5/2024,0:30
5/5/2024 0:40,27.75,35,30,20.0,26.0,33.92,-117.51,13,11,12.0,5/5/2024,0:40
5/5/2024 0:50,26.75,35,30,20.0,22.0,33.92,-117.51,13,10,11.5,5/5/2024,0:50
5/5/2024 1:00,21.0,31,26,13.0,14.0,33.92,-117.51,13,11,12.0,5/5/2024,1:00
5/5/2024 1:10,18.25,28,24,9.0,12.0,33.92,-117.51,13,11,12.0,5/5/2024,1:10
5/5/2024 1:20,14.0,20,18,8.0,10.0,33.92,-117.51,13,10,11.5,5/5/2024,1:20
5/5/2024 1:30,13.0,17,14,11.0,10.0,33.92,-117.51,13,11,12.0,5/5/2024,1:30
5/5/2024 1:40,11.5,14,12,9.0,11.0,33.92,-117.51,13,10,11.5,5/5/2024,1:40
5/5/2024 1:50,10.25,14,11,7.0,9.0,33.92,-117.51,13,11,12.0,5/5/2024,1:50
5/5/2024 2:00,5.75,7,6,5.0,5.0,33.92,-117.51,13,10,11.5,5/5/2024,2:00
5/5/2024 2:10,4.0,5,3,4.0,4.0,33.92,-117.51,13,10,11.5,5/5/2024,2:10
5/5/2024 2:20,3.25,4,3,3.0,3.0,33.92,-117.51,13,10,11.5,5/5/2024,2:20
5/5/2024 2:30,3.25,5,3,2.0,3.0,33.92,-117.51,13,10,11.5,5/5/2024,2:30
5/5/2024 2:40,4.0,6,5,2.0,3.0,33.92,-117.51,13,10,11.5,5/5/2024,2:40
5/5/2024 2:50,2.75,5,4,1.0,1.0,33.92,-117.51,13,11,12.0,5/5/2024,2:50
5/5/2024 3:00,3.75,6,4,2.0,3.0,33.92,-117.51,13,11,12.0,5/5/2024,3:00
5/5/2024 3:10,4.25,6,6,2.0,3.0,33.92,-117.51,13,11,12.0,5/5/2024,3:10
5/5/2024 3:20,5.75,7,6,4.0,6.0,33.92,-117.51,12,11,11.5,5/5/2024,3:20
5/5/2024 3:30,7.25,11,8,4.0,6.0,33.92,-117.51,13,11,12.0,5/5/2024,3:30
5/5/2024 3:40,10.75,15,11,8.0,9.0,33.92,-117.51,13,11,12.0,5/5/2024,3:40
5/5/2024 3:50,14.0,16,14,11.0,15.0,33.92,-117.51,13,11,12.0,5/5/2024,3:50
5/5/2024 4:00,15.75,17,15,15.0,16.0,33.92,-117.51,13,11,12.0,5/5/2024,4:00
5/5/2024 4:10,16.75,18,16,15.0,18.0,33.92,-117.51,13,11,12.0,5/5/2024,4:10
5/5/2024 4:20,16.75,18,15,16.0,18.0,33.92,-117.51,13,11,12.0,5/5/2024,4:20
5/5/2024 4:30,17.0,18,16,15.0,19.0,33.92,-117.51,13,11,12.0,5/5/2024,4:30
5/5/2024 4:40,16.75,20,18,13.0,16.0,33.92,-117.51,13,11,12.0,5/5/2024,4:40
5/5/2024 4:50,14.25,21,18,8.0,10.0,33.92,-117.51,13,11,12.0,5/5/2024,4:50
5/5/2024 5:00,14.75,19,17,11.0,12.0,33.92,-117.51,13,11,12.0,5/5/2024,5:00
5/5/2024 5:10,14.75,21,18,9.0,11.0,33.92,-117.51,13,10,11.5,5/5/2024,5:10
5/5/2024 5:20,10.25,19,15,3.0,4.0,33.92,-117.51,13,9,11.0,5/5/2024,5:20
5/5/2024 5:30,7.25,15,14,0.0,0.0,33.92,-117.51,13,9,11.0,5/5/2024,5:30
5/5/2024 5:40,4.75,8,7,2.0,2.0,33.92,-117.51,12,8,10.0,5/5/2024,5:40
5/5/2024 5:50,1.75,1,1,2.0,3.0,33.92,-117.51,12,8,10.0,5/5/2024,5:50
5/5/2024 6:00,1.75,1,1,2.0,3.0,33.92,-117.51,12,8,10.0,5/5/2024,6:00
5/5/2024 6:10,2.0,3,2,1.0,2.0,33.92,-117.51,12,8,10.0,5/5/2024,6:10
5/5/2024 6:20,3.25,6,5,1.0,1.0,33.92,-117.51,12,8,10.0,5/5/2024,6:20
5/5/2024 6:30,4.25,8,5,2.0,2.0,33.92,-117.51,12,8,10.0,5/5/2024,6:30
5/5/2024 6:40,5.0,8,6,2.0,4.0,33.92,-117.51,12,8,10.0,5/5/2024,6:40
5/5/2024 6:50,8.75,12,10,6.0,7.0,33.92,-117.51,12,8,10.0,5/5/2024,6:50
5/5/2024 7:00,9.75,11,9,8.0,11.0,33.92,-117.51,12,8,10.0,5/5/2024,7:00
5/5/2024 7:10,10.0,11,10,8.0,11.0,33.92,-117.51,12,8,10.0,5/5/2024,7:10
5/5/2024 7:20,12.0,14,11,10.0,13.0,33.92,-117.51,12,9,10.5,5/5/2024,7:20
5/5/2024 7:30,11.25,13,11,9.0,12.0,33.92,-117.51,12,9,10.5,5/5/2024,7:30
5/5/2024 7:40,12.75,14,11,11.0,15.0,33.92,-117.51,12,9,10.5,5/5/2024,7:40
5/5/2024 7:50,13.75,16,13,12.0,14.0,33.92,-117.51,12,9,10.5,5/5/2024,7:50
5/5/2024 8:00,13.25,15,12,12.0,14.0,33.92,-117.51,12,9,10.5,5/5/2024,8:00
5/5/2024 8:10,11.0,13,11,10.0,10.0,33.92,-117.51,12,9,10.5,5/5/2024,8:10
5/5/2024 8:20,10.5,14,12,6.0,10.0,33.92,-117.51,12,9,10.5,5/5/2024,8:20
5/5/2024 8:30,9.25,14,11,5.0,7.0,33.92,-117.51,12,9,10.5,5/5/2024,8:30
5/5/2024 8:40,6.25,10,9,3.0,3.0,33.92,-117.51,12,10,11.0,5/5/2024,8:40
5/5/2024 8:50,5.75,9,9,3.0,2.0,33.92,-117.51,12,11,11.5,5/5/2024,8:50
5/5/2024 9:00,4.5,6,6,3.0,3.0,33.92,-117.51,13,12,12.5,5/5/2024,9:00
5/5/2024 9:10,3.75,5,5,2.0,3.0,33.92,-117.51,13,12,12.5,5/5/2024,9:10
5/5/2024 9:20,3.25,4,3,2.0,4.0,33.92,-117.51,13,13,13.0,5/5/2024,9:20
5/5/2024 9:30,4.0,5,5,2.0,4.0,33.92,-117.51,13,15,14.0,5/5/2024,9:30
5/5/2024 9:40,5.5,8,7,3.0,4.0,33.92,-117.51,13,15,14.0,5/5/2024,9:40
5/5/2024 9:50,4.25,5,5,4.0,3.0,33.92,-117.51,14,14,14.0,5/5/2024,9:50
5/5/2024 10:00,3.5,5,3,2.0,4.0,33.92,-117.51,14,14,14.0,5/5/2024,10:00
5/5/2024 10:10,3.5,5,4,2.0,3.0,33.92,-117.51,14,16,15.0,5/5/2024,10:10
5/5/2024 10:20,3.25,5,4,2.0,2.0,33.92,-117.51,14,15,14.5,5/5/2024,10:20
5/5/2024 10:30,3.5,5,5,2.0,2.0,33.92,-117.51,14,16,15.0,5/5/2024,10:30
5/5/2024 10:40,4.75,7,7,2.0,3.0,33.92,-117.51,15,17,16.0,5/5/2024,10:40
5/5/2024 10:50,4.25,6,6,2.0,3.0,33.92,-117.51,15,17,16.0,5/5/2024,10:50
5/5/2024 11:00,4.5,6,7,2.0,3.0,33.92,-117.51,15,17,16.0,5/5/2024,11:00
5/5/2024 11:10,3.5,4,4,3.0,3.0,33.92,-117.51,16,17,16.5,5/5/2024,11:10
5/5/2024 11:20,4.5,7,7,2.0,2.0,33.92,-117.51,16,17,16.5,5/5/2024,11:20
5/5/2024 11:30,3.5,5,4,2.0,3.0,33.92,-117.51,16,17,16.5,5/5/2024,11:30
5/5/2024 11:40,3.5,4,4,2.0,4.0,33.92,-117.51,16,18,17.0,5/5/2024,11:40
5/5/2024 11:50,4.0,5,4,3.0,4.0,33.92,-117.51,16,18,17.0,5/5/2024,11:50
5/5/2024 12:00,5.25,6,6,4.0,5.0,33.92,-117.51,17,18,17.5,5/5/2024,12:00
5/5/2024 12:10,5.5,7,6,5.0,4.0,33.92,-117.51,17,17,17.0,5/5/2024,12:10
5/5/2024 12:20,5.25,7,6,4.0,4.0,33.92,-117.51,17,17,17.0,5/5/2024,12:20
5/5/2024 12:30,5.5,7,6,4.0,5.0,33.92,-117.51,17,17,17.0,5/5/2024,12:30
5/5/2024 12:40,5.75,7,6,4.0,6.0,33.92,-117.51,17,18,17.5,5/5/2024,12:40
5/5/2024 12:50,5.0,6,6,3.0,5.0,33.92,-117.51,18,18,18.0,5/5/2024,12:50
5/5/2024 13:00,5.25,7,7,3.0,4.0,33.92,-117.51,18,18,18.0,5/5/2024,13:00
5/5/2024 13:10,6.5,9,8,4.0,5.0,33.92,-117.51,19,18,18.5,5/5/2024,13:10
5/5/2024 13:20,7.0,11,9,4.0,4.0,33.92,-117.51,19,18,18.5,5/5/2024,13:20
5/5/2024 13:30,7.25,11,9,3.0,6.0,33.92,-117.51,19,18,18.5,5/5/2024,13:30
5/5/2024 13:40,7.5,10,9,5.0,6.0,33.92,-117.51,20,18,19.0,5/5/2024,13:40
5/5/2024 13:50,6.75,10,8,5.0,4.0,33.92,-117.51,21,19,20.0,5/5/2024,13:50
5/5/2024 14:00,7.75,10,10,5.0,6.0,33.92,-117.51,21,18,19.5,5/5/2024,14:00
5/5/2024 14:10,7.25,10,9,5.0,5.0,33.92,-117.51,20,19,19.5,5/5/2024,14:10
5/5/2024 14:20,7.25,10,8,4.0,7.0,33.92,-117.51,20,19,19.5,5/5/2024,14:20
5/5/2024 14:30,7.0,9,9,4.0,6.0,33.92,-117.51,21,19,20.0,5/5/2024,14:30
5/5/2024 14:40,6.75,8,7,6.0,6.0,33.92,-117.51,21,19,20.0,5/5/2024,14:40
5/5/2024 14:50,8.0,11,9,6.0,6.0,33.92,-117.51,21,18,19.5,5/5/2024,14:50
5/5/2024 15:00,7.25,9,9,5.0,6.0,33.92,-117.51,21,18,19.5,5/5/2024,15:00
5/5/2024 15:10,6.5,8,7,5.0,6.0,33.92,-117.51,21,18,19.5,5/5/2024,15:10
5/5/2024 15:20,8.5,10,9,7.0,8.0,33.92,-117.51,22,18,20.0,5/5/2024,15:20
5/5/2024 15:30,9.25,13,10,6.0,8.0,33.92,-117.51,22,19,20.5,5/5/2024,15:30
5/5/2024 15:40,8.75,11,9,7.0,8.0,33.92,-117.51,22,19,20.5,5/5/2024,15:40
5/5/2024 15:50,9.25,11,10,7.0,9.0,33.92,-117.51,22,18,20.0,5/5/2024,15:50
5/5/2024 16:00,8.75,11,9,6.0,9.0,33.92,-117.51,22,18,20.0,5/5/2024,16:00
5/5/2024 16:10,8.75,11,9,8.0,7.0,33.92,-117.51,22,18,20.0,5/5/2024,16:10
5/5/2024 16:20,8.25,9,9,7.0,8.0,33.92,-117.51,22,17,19.5,5/5/2024,16:20
5/5/2024 16:30,9.5,13,12,6.0,7.0,33.92,-117.51,22,18,20.0,5/5/2024,16:30
5/5/2024 16:40,9.5,13,10,6.0,9.0,33.92,-117.51,22,17,19.5,5/5/2024,16:40
5/5/2024 16:50,9.5,11,10,7.0,10.0,33.92,-117.51,22,17,19.5,5/5/2024,16:50
5/5/2024 17:00,9.5,12,10,7.0,9.0,33.92,-117.51,22,16,19.0,5/5/2024,17:00
5/5/2024 17:10,10.5,13,12,8.0,9.0,33.92,-117.51,23,17,20.0,5/5/2024,17:10
5/5/2024 17:20,9.75,11,9,8.0,11.0,33.92,-117.51,23,17,20.0,5/5/2024,17:20
5/5/2024 17:30,11.25,14,12,9.0,10.0,33.92,-117.51,23,16,19.5,5/5/2024,17:30
5/5/2024 17:40,10.25,13,10,7.0,11.0,33.92,-117.51,22,16,19.0,5/5/2024,17:40
5/5/2024 17:50,10.75,13,13,7.0,10.0,33.92,-117.51,22,16,19.0,5/5/2024,17:50
5/5/2024 18:00,10.75,13,12,8.0,10.0,33.92,-117.51,22,15,18.5,5/5/2024,18:00
5/5/2024 18:10,10.75,12,10,9.0,12.0,33.92,-117.51,21,14,17.5,5/5/2024,18:10
5/5/2024 18:20,10.75,13,12,8.0,10.0,33.92,-117.51,21,14,17.5,5/5/2024,18:20
5/5/2024 18:30,10.25,13,11,8.0,9.0,33.92,-117.51,19,14,16.5,5/5/2024,18:30
5/5/2024 18:40,10.75,13,11,8.0,11.0,33.92,-117.51,19,14,16.5,5/5/2024,18:40
5/5/2024 18:50,10.5,12,11,8.0,11.0,33.92,-117.51,18,13,15.5,5/5/2024,18:50
5/5/2024 19:00,10.0,12,11,8.0,9.0,33.92,-117.51,18,13,15.5,5/5/2024,19:00
5/5/2024 19:10,10.75,15,12,7.0,9.0,33.92,-117.51,17,13,15.0,5/5/2024,19:10
5/5/2024 19:20,9.75,14,10,7.0,8.0,33.92,-117.51,17,13,15.0,5/5/2024,19:20
5/5/2024 19:30,10.75,16,11,7.0,9.0,33.92,-117.51,17,13,15.0,5/5/2024,19:30
5/5/2024 19:40,9.5,12,11,6.0,9.0,33.92,-117.51,17,13,15.0,5/5/2024,19:40
5/5/2024 19:50,10.0,13,11,8.0,8.0,33.92,-117.51,16,12,14.0,5/5/2024,19:50
5/5/2024 20:00,10.0,14,12,6.0,8.0,33.92,-117.51,16,12,14.0,5/5/2024,20:00
5/5/2024 20:10,11.25,15,15,7.0,8.0,33.92,-117.51,16,12,14.0,5/5/2024,20:10
5/5/2024 20:20,12.5,19,16,6.0,9.0,33.92,-117.51,16,13,14.5,5/5/2024,20:20
5/5/2024 20:30,14.75,23,21,6.0,9.0,33.92,-117.51,16,13,14.5,5/5/2024,20:30
5/5/2024 20:40,14.0,21,18,7.0,10.0,33.92,-117.51,15,13,14.0,5/5/2024,20:40
5/5/2024 20:50,14.0,21,18,7.0,10.0,33.92,-117.51,15,13,14.0,5/5/2024,20:50
5/5/2024 21:00,13.0,17,17,8.0,10.0,33.92,-117.51,14,13,13.5,5/5/2024,21:00
5/5/2024 21:10,12.0,15,15,8.0,10.0,33.92,-117.51,14,12,13.0,5/5/2024,21:10
5/5/2024 21:20,12.5,14,14,9.0,13.0,33.92,-117.51,14,12,13.0,5/5/2024,21:20
5/5/2024 21:30,19.25,22,20,15.0,20.0,33.92,-117.51,14,12,13.0,5/5/2024,21:30
5/5/2024 21:40,18.75,20,17,17.0,21.0,33.92,-117.51,14,12,13.0,5/5/2024,21:40
5/5/2024 21:50,18.25,20,16,17.0,20.0,33.92,-117.51,14,12,13.0,5/5/2024,21:50
5/5/2024 22:00,17.25,18,16,15.0,20.0,33.92,-117.51,13,12,12.5,5/5/2024,22:00
5/5/2024 22:10,15.75,15,14,15.0,19.0,33.92,-117.51,13,11,12.0,5/5/2024,22:10
5/5/2024 22:20,15.75,14,12,16.0,21.0,33.92,-117.51,13,11,12.0,5/5/2024,22:20
5/5/2024 22:30,15.75,14,12,16.0,21.0,33.92,-117.51,13,11,12.0,5/5/2024,22:30
5/5/2024 22:40,15.75,13,12,18.0,20.0,33.92,-117.51,13,11,12.0,5/5/2024,22:40
5/5/2024 22:50,16.25,14,13,17.0,21.0,33.92,-117.51,13,11,12.0,5/5/2024,22:50
5/5/2024 23:00,15.75,14,13,16.0,20.0,33.92,-117.51,13,11,12.0,5/5/2024,23:00
5/5/2024 23:10,14.75,13,12,16.0,18.0,33.92,-117.51,13,11,12.0,5/5/2024,23:10
5/5/2024 23:20,14.0,13,11,15.0,17.0,33.92,-117.51,13,11,12.0,5/5/2024,23:20
5/5/2024 23:30,13.5,12,10,14.0,18.0,33.92,-117.51,13,11,12.0,5/5/2024,23:30
5/5/2024 23:40,15.0,13,13,15.0,19.0,33.92,-117.51,12,10,11.0,5/5/2024,23:40
5/5/2024 23:50,15.0,13,12,15.0,20.0,33.92,-117.51,12,11,11.5,5/5/2024,23:50
5/6/2024 0:00,15.5,15,13,15.0,19.0,33.92,-117.51,12,10,11.0,5/6/2024,0:00
5/6/2024 0:10,14.75,15,13,14.0,17.0,33.92,-117.51,12,10,11.0,5/6/2024,0:10
5/6/2024 0:20,15.0,15,13,14.0,18.0,33.92,-117.51,12,10,11.0,5/6/2024,0:20
5/6/2024 0:30,14.75,15,13,14.0,17.0,33.92,-117.51,12,10,11.0,5/6/2024,0:30
5/6/2024 0:40,15.0,14,13,15.0,18.0,33.92,-117.51,12,10,11.0,5/6/2024,0:40
5/6/2024 0:50,15.5,15,14,15.0,18.0,33.92,-117.51,12,10,11.0,5/6/2024,0:50
5/6/2024 1:00,15.75,15,14,15.0,19.0,33.92,-117.51,12,10,11.0,5/6/2024,1:00
5/6/2024 1:10,15.75,16,12,15.0,20.0,33.92,-117.51,12,9,10.5,5/6/2024,1:10
5/6/2024 1:20,15.5,16,14,14.0,18.0,33.92,-117.51,11,9,10.0,5/6/2024,1:20
5/6/2024 1:30,16.25,16,13,16.0,20.0,33.92,-117.51,11,8,9.5,5/6/2024,1:30
5/6/2024 1:40,16.5,16,12,16.0,22.0,33.92,-117.51,11,9,10.0,5/6/2024,1:40
5/6/2024 1:50,17.25,18,14,17.0,20.0,33.92,-117.51,11,9,10.0,5/6/2024,1:50
5/6/2024 2:00,16.75,17,13,17.0,20.0,33.92,-117.51,11,9,10.0,5/6/2024,2:00
5/6/2024 2:10,17.75,17,17,16.0,21.0,33.92,-117.51,11,9,10.0,5/6/2024,2:10
5/6/2024 2:20,17.5,19,14,17.0,20.0,33.92,-117.51,11,9,10.0,5/6/2024,2:20
5/6/2024 2:30,17.0,16,15,17.0,20.0,33.92,-117.51,11,8,9.5,5/6/2024,2:30
5/6/2024 2:40,19.0,20,17,18.0,21.0,33.92,-117.51,11,8,9.5,5/6/2024,2:40
5/6/2024 2:50,19.75,22,19,17.0,21.0,33.92,-117.51,11,8,9.5,5/6/2024,2:50
5/6/2024 3:00,18.25,18,17,17.0,21.0,33.92,-117.51,11,8,9.5,5/6/2024,3:00
5/6/2024 3:10,19.0,22,18,16.0,20.0,33.92,-117.51,11,8,9.5,5/6/2024,3:10
5/6/2024 3:20,19.25,21,19,17.0,20.0,33.92,-117.51,11,8,9.5,5/6/2024,3:20
5/6/2024 3:30,19.0,23,18,17.0,18.0,33.92,-117.51,11,8,9.5,5/6/2024,3:30
5/6/2024 3:40,18.75,23,20,14.0,18.0,33.92,-117.51,10,8,9.0,5/6/2024,3:40
5/6/2024 3:50,18.75,24,20,14.0,17.0,33.92,-117.51,11,8,9.5,5/6/2024,3:50
5/6/2024 4:00,19.0,22,17,16.0,21.0,33.92,-117.51,10,8,9.0,5/6/2024,4:00
5/6/2024 4:10,18.25,21,18,16.0,18.0,33.92,-117.51,10,8,9.0,5/6/2024,4:10
5/6/2024 4:20,19.5,24,20,15.0,19.0,33.92,-117.51,10,8,9.0,5/6/2024,4:20
5/6/2024 4:30,19.5,25,20,15.0,18.0,33.92,-117.51,10,8,9.0,5/6/2024,4:30
5/6/2024 4:40,20.5,26,20,15.0,21.0,33.92,-117.51,10,8,9.0,5/6/2024,4:40
5/6/2024 4:50,21.75,28,21,17.0,21.0,33.92,-117.51,10,8,9.0,5/6/2024,4:50
5/6/2024 5:00,21.75,26,22,18.0,21.0,33.92,-117.51,9,7,8.0,5/6/2024,5:00
5/6/2024 5:10,21.0,27,22,14.0,21.0,33.92,-117.51,9,8,8.5,5/6/2024,5:10
5/6/2024 5:20,22.5,30,21,17.0,22.0,33.92,-117.51,9,7,8.0,5/6/2024,5:20
5/6/2024 5:30,23.5,29,23,19.0,23.0,33.92,-117.51,9,7,8.0,5/6/2024,5:30
5/6/2024 5:40,24.0,28,23,19.0,26.0,33.92,-117.51,9,7,8.0,5/6/2024,5:40
5/6/2024 5:50,25.25,28,21,24.0,28.0,33.92,-117.51,9,7,8.0,5/6/2024,5:50
5/6/2024 6:00,25.75,31,27,19.0,26.0,33.92,-117.51,9,7,8.0,5/6/2024,6:00
5/6/2024 6:10,25.0,31,24,21.0,24.0,33.92,-117.51,9,7,8.0,5/6/2024,6:10
5/6/2024 6:20,25.25,33,23,19.0,26.0,33.92,-117.51,9,7,8.0,5/6/2024,6:20
5/6/2024 6:30,28.5,39,31,19.0,25.0,33.92,-117.51,10,8,9.0,5/6/2024,6:30
5/6/2024 6:40,28.0,38,32,17.0,25.0,33.92,-117.51,9,8,8.5,5/6/2024,6:40
5/6/2024 6:50,28.75,38,33,19.0,25.0,33.92,-117.51,10,8,9.0,5/6/2024,6:50
5/6/2024 7:00,30.75,42,35,20.0,26.0,33.92,-117.51,10,8,9.0,5/6/2024,7:00
5/6/2024 7:10,32.25,43,38,24.0,24.0,33.92,-117.51,10,8,9.0,5/6/2024,7:10
5/6/2024 7:20,31.5,42,38,21.0,25.0,33.92,-117.51,10,8,9.0,5/6/2024,7:20
5/6/2024 7:30,32.0,40,35,24.0,29.0,33.92,-117.51,11,8,9.5,5/6/2024,7:30
5/6/2024 7:40,28.75,33,32,23.0,27.0,33.92,-117.51,11,9,10.0,5/6/2024,7:40
5/6/2024 7:50,31.0,37,32,24.0,31.0,33.92,-117.51,11,9,10.0,5/6/2024,7:50
5/6/2024 8:00,30.5,36,36,21.0,29.0,33.92,-117.51,11,9,10.0,5/6/2024,8:00
5/6/2024 8:10,29.75,37,34,23.0,25.0,33.92,-117.51,12,9,10.5,5/6/2024,8:10
5/6/2024 8:20,30.0,37,34,22.0,27.0,33.92,-117.51,12,10,11.0,5/6/2024,8:20
5/6/2024 8:30,32.0,38,34,25.0,31.0,33.92,-117.51,12,11,11.5,5/6/2024,8:30
5/6/2024 8:40,32.75,38,35,27.0,31.0,33.92,-117.51,12,12,12.0,5/6/2024,8:40
5/6/2024 8:50,31.5,39,31,25.0,31.0,33.92,-117.51,13,13,13.0,5/6/2024,8:50
5/6/2024 9:00,31.0,37,33,24.0,30.0,33.92,-117.51,13,14,13.5,5/6/2024,9:00
5/6/2024 9:10,28.75,34,33,21.0,27.0,33.92,-117.51,13,16,14.5,5/6/2024,9:10
5/6/2024 9:20,26.75,30,30,22.0,25.0,33.92,-117.51,13,17,15.0,5/6/2024,9:20
5/6/2024 9:30,24.75,29,26,19.0,25.0,33.92,-117.51,14,18,16.0,5/6/2024,9:30
5/6/2024 9:40,26.0,31,28,20.0,25.0,33.92,-117.51,14,18,16.0,5/6/2024,9:40
5/6/2024 9:50,25.5,30,26,20.0,26.0,33.92,-117.51,14,19,16.5,5/6/2024,9:50
5/6/2024 10:00,24.75,29,26,19.0,25.0,33.92,-117.51,15,20,17.5,5/6/2024,10:00
5/6/2024 10:10,27.0,32,30,21.0,25.0,33.92,-117.51,16,20,18.0,5/6/2024,10:10
5/6/2024 10:20,25.25,32,28,19.0,22.0,33.92,-117.51,16,21,18.5,5/6/2024,10:20
5/6/2024 10:30,24.75,32,32,16.0,19.0,33.92,-117.51,16,21,18.5,5/6/2024,10:30
5/6/2024 10:40,23.5,29,28,18.0,19.0,33.92,-117.51,17,22,19.5,5/6/2024,10:40
5/6/2024 10:50,23.25,31,28,15.0,19.0,33.92,-117.51,17,22,19.5,5/6/2024,10:50
5/6/2024 11:00,24.25,30,27,18.0,22.0,33.92,-117.51,17,22,19.5,5/6/2024,11:00
5/6/2024 11:10,25.25,30,27,20.0,24.0,33.92,-117.51,17,22,19.5,5/6/2024,11:10
5/6/2024 11:20,25.75,34,29,18.0,22.0,33.92,-117.51,18,22,20.0,5/6/2024,11:20
5/6/2024 11:30,25.5,32,29,18.0,23.0,33.92,-117.51,18,22,20.0,5/6/2024,11:30
5/6/2024 11:40,23.0,31,25,15.0,21.0,33.92,-117.51,19,23,21.0,5/6/2024,11:40
5/6/2024 11:50,21.75,28,24,14.0,21.0,33.92,-117.51,19,22,20.5,5/6/2024,11:50
5/6/2024 12:00,22.0,30,26,14.0,18.0,33.92,-117.51,19,22,20.5,5/6/2024,12:00
5/6/2024 12:10,22.25,32,28,13.0,16.0,33.92,-117.51,20,23,21.5,5/6/2024,12:10
5/6/2024 12:20,22.75,33,30,13.0,15.0,33.92,-117.51,21,24,22.5,5/6/2024,12:20
5/6/2024 12:30,22.5,32,29,13.0,16.0,33.92,-117.51,21,24,22.5,5/6/2024,12:30
5/6/2024 12:40,23.75,37,33,11.0,14.0,33.92,-117.51,22,24,23.0,5/6/2024,12:40
5/6/2024 12:50,28.25,45,41,12.0,15.0,33.92,-117.51,22,24,23.0,5/6/2024,12:50
5/6/2024 13:00,28.25,44,40,14.0,15.0,33.92,-117.51,23,25,24.0,5/6/2024,13:00
5/6/2024 13:10,28.5,44,42,13.0,15.0,33.92,-117.51,23,26,24.5,5/6/2024,13:10
5/6/2024 13:20,26.0,45,37,10.0,12.0,33.92,-117.51,23,25,24.0,5/6/2024,13:20
5/6/2024 13:30,27.0,46,38,11.0,13.0,33.92,-117.51,24,25,24.5,5/6/2024,13:30
5/6/2024 13:40,25.0,44,38,8.0,10.0,33.92,-117.51,24,25,24.5,5/6/2024,13:40
5/6/2024 13:50,25.0,43,38,8.0,11.0,33.92,-117.51,25,25,25.0,5/6/2024,13:50
5/6/2024 14:00,24.5,43,37,8.0,10.0,33.92,-117.51,25,24,24.5,5/6/2024,14:00
5/6/2024 14:10,23.5,40,36,9.0,9.0,33.92,-117.51,26,25,25.5,5/6/2024,14:10
5/6/2024 14:20,25.25,42,40,8.0,11.0,33.92,-117.51,26,24,25.0,5/6/2024,14:20
5/6/2024 14:30,23.5,39,35,10.0,10.0,33.92,-117.51,26,25,25.5,5/6/2024,14:30
5/6/2024 14:40,22.75,38,32,10.0,11.0,33.92,-117.51,26,25,25.5,5/6/2024,14:40
5/6/2024 14:50,20.25,31,29,10.0,11.0,33.92,-117.51,26,24,25.0,5/6/2024,14:50
5/6/2024 15:00,16.75,24,21,10.0,12.0,33.92,-117.51,27,24,25.5,5/6/2024,15:00
5/6/2024 15:10,14.75,21,19,9.0,10.0,33.92,-117.51,27,25,26.0,5/6/2024,15:10
5/6/2024 15:20,15.75,22,23,9.0,9.0,33.92,-117.51,27,25,26.0,5/6/2024,15:20
5/6/2024 15:30,17.5,25,24,9.0,12.0,33.92,-117.51,27,24,25.5,5/6/2024,15:30
5/6/2024 15:40,17.0,22,19,12.0,15.0,33.92,-117.51,27,23,25.0,5/6/2024,15:40
5/6/2024 15:50,17.25,20,18,14.0,17.0,33.92,-117.51,27,23,25.0,5/6/2024,15:50
5/6/2024 16:00,17.25,19,18,14.0,18.0,33.92,-117.51,27,23,25.0,5/6/2024,16:00
5/6/2024 16:10,18.25,19,20,15.0,19.0,33.92,-117.51,27,22,24.5,5/6/2024,16:10
5/6/2024 16:20,16.5,18,16,15.0,17.0,33.92,-117.51,27,21,24.0,5/6/2024,16:20
5/6/2024 16:30,17.0,19,17,14.0,18.0,33.92,-117.51,27,21,24.0,5/6/2024,16:30
5/6/2024 16:40,17.75,20,18,14.0,19.0,33.92,-117.51,27,21,24.0,5/6/2024,16:40
5/6/2024 16:50,18.75,22,20,15.0,18.0,33.92,-117.51,27,20,23.5,5/6/2024,16:50
5/6/2024 17:00,17.75,21,18,15.0,17.0,33.92,-117.51,27,20,23.5,5/6/2024,17:00
5/6/2024 17:10,17.25,20,19,13.0,17.0,33.92,-117.51,27,20,23.5,5/6/2024,17:10
5/6/2024 17:20,16.25,18,17,13.0,17.0,33.92,-117.51,27,19,23.0,5/6/2024,17:20
5/6/2024 17:30,14.25,17,15,11.0,14.0,33.92,-117.51,27,19,23.0,5/6/2024,17:30
5/6/2024 17:40,14.0,17,14,11.0,14.0,33.92,-117.51,26,19,22.5,5/6/2024,17:40
5/6/2024 17:50,14.75,19,17,10.0,13.0,33.92,-117.51,26,18,22.0,5/6/2024,17:50
5/6/2024 18:00,13.5,15,15,10.0,14.0,33.92,-117.51,25,18,21.5,5/6/2024,18:00
5/6/2024 18:10,13.0,16,15,9.0,12.0,33.92,-117.51,24,18,21.0,5/6/2024,18:10
5/6/2024 18:20,12.25,15,14,9.0,11.0,33.92,-117.51,24,18,21.0,5/6/2024,18:20
5/6/2024 18:30,12.75,16,14,9.0,12.0,33.92,-117.51,23,18,20.5,5/6/2024,18:30
5/6/2024 18:40,12.0,16,14,7.0,11.0,33.92,-117.51,22,17,19.5,5/6/2024,18:40
5/6/2024 18:50,12.5,13,14,11.0,12.0,33.92,-117.51,22,17,19.5,5/6/2024,18:50
5/6/2024 19:00,12.0,14,12,10.0,12.0,33.92,-117.51,21,17,19.0,5/6/2024,19:00
5/6/2024 19:10,11.5,13,12,8.0,13.0,33.92,-117.51,21,16,18.5,5/6/2024,19:10
5/6/2024 19:20,11.75,14,12,10.0,11.0,33.92,-117.51,21,16,18.5,5/6/2024,19:20
5/6/2024 19:30,11.0,12,12,9.0,11.0,33.92,-117.51,20,16,18.0,5/6/2024,19:30
5/6/2024 19:40,10.5,12,11,8.0,11.0,33.92,-117.51,19,16,17.5,5/6/2024,19:40
